"Worm Data","Bending Angle - Mid-Point (degrees)"
"Sequence","test_test60001.avi"

,,"Track"
"Frame","Time","1 ","2 ","3 ","4 ","5 ","6 ","7 ","8 ","9 ","10 "
147505,4916.8,111.14801012259001
147506,4916.833333333333,104.39743435861358
147507,4916.866666666667,95.5938327792276
147508,4916.9,93.65811577821248
147509,4916.933333333333,88.09239736742356
147510,4916.966666666666,82.8442092098317
147511,4917,76.71292197658609
147512,4917.033333333333,75.6562826303832
147513,4917.066666666667,69.4215244425861
147514,4917.1,66.87043743486737
147515,4917.133333333333,69.47767427075271
147516,4917.166666666667,74.27043741197924
147517,4917.2,81.40713579024046
147518,4917.233333333334,101.04691272333902
147519,4917.266666666666,116.64189019436479
147520,4917.3,131.98538015809052
147521,4917.333333333333,147.72171474413483
147522,4917.366666666667,153.16405392830765
147523,4917.4,156.2139185383511
147524,4917.433333333333,158.03712237543567
147525,4917.466666666666,166.44782730257128
147526,4917.5,171.0699462404575
147527,4917.533333333333,176.09179594833483
147528,4917.566666666667,179.93148965524574
147529,4917.6,-175.95962929345964
147530,4917.633333333333,-164.3807484111938
147531,4917.666666666667,-162.4010464446194
147532,4917.7,-157.7647720015025
147533,4917.733333333334,-157.26256170525846
147534,4917.766666666666,-156.37030648554497
147535,4917.8,-157.1154308190692
147536,4917.833333333333,-161.896554150872
147537,4917.866666666667,-170.64386846648148
147538,4917.9,-171.33341342008774
147539,4917.933333333333,-175.92553565716418
147540,4917.966666666666,163.98555966593432
147541,4918,168.1888321402987
147542,4918.033333333333,164.0898255162483
147543,4918.066666666667,120.07005074603757
147544,4918.1,120.24157897262963
147545,4918.133333333333,171.7700056625428
147546,4918.166666666667,174.6520663959602
147547,4918.2,,74.53854553409207
147548,4918.233333333334,,95.46852182067327
147549,4918.266666666666,,116.8844853428203
147550,4918.3,,137.1231350753336
147551,4918.333333333333,,150.04362213030421
147552,4918.366666666667,,159.00597069802757
147553,4918.4,,154.55474757576246
147554,4918.433333333333,,149.13349302728903
147555,4918.466666666666,,123.43215597377478
147556,4918.5,,100.08512218860157
147557,4918.533333333333,,80.12628660748398
147558,4918.566666666667,,52.37354041186651
147559,4918.6,,32.583345828036684
147560,4918.633333333333,,1.343368172596875
147561,4918.666666666667,,-14.154093378377475
147562,4918.7,,-6.116797483620617
147563,4918.733333333334,,-22.016889553201754
147564,4918.766666666666,,-15.475493050348852
147565,4918.8,,-8.322527442071024
147566,4918.833333333333,,2.137857392286875
147567,4918.866666666667,,3.5826889367587476
147568,4918.9,,9.365616931679124
147569,4918.933333333333,,12.41172094590631
147570,4918.966666666666,,17.25561759181839
147571,4919,,29.76770612691596
147572,4919.033333333333,,57.42644074368118
147573,4919.066666666667,,86.20021539949435
147574,4919.1,,100.1544698333229
147575,4919.133333333333,,117.61644680031269
147576,4919.166666666667,,123.8673454539645
147577,4919.2,,126.97977816983699
147578,4919.233333333334,,106.56785169488157
147579,4919.266666666666,,88.59028997471667
147580,4919.3,,84.53493570277296
147581,4919.333333333333,,48.803240214509565
147582,4919.366666666667,,28.282842435518354
147583,4919.4,,4.472724896031884
147584,4919.433333333333,,-22.477266944185633
147585,4919.466666666666,,-31.853137457374483
147586,4919.5,,-42.111627223528416
147587,4919.533333333333,,-45.92752977420398
147588,4919.566666666667,,-40.139793760904446
147589,4919.6,,-39.03488146247942
147590,4919.633333333333,,-32.968369348006284
147591,4919.666666666667,,-26.588892840629633
147592,4919.7,,-20.448771759398543
147593,4919.733333333334,,-15.213027214603711
147594,4919.766666666666,,-5.646608663997602
147595,4919.8,,-6.39902292458459
147596,4919.833333333333,,-3.2862285000248845
147597,4919.866666666667,,3.2011964489493936
147598,4919.9,,4.8871183192844185
147599,4919.933333333333,,18.662535397931524
147600,4919.966666666666,,21.959533142643327
147601,4920,,23.906052399210832
147602,4920.033333333333,,22.006828148725997
147603,4920.066666666667,,14.020456385363579
147604,4920.1,,1.593541251003967
147605,4920.133333333333,,6.519647846234993
147606,4920.166666666667,,-4.289516437892674
147607,4920.2,,-15.416702614678945
147608,4920.233333333334,,-22.974587513662993
147609,4920.266666666666,,-31.37439339210736
147610,4920.3,,-47.13129820538321
147611,4920.333333333333,,-58.470147958531264
147612,4920.366666666667,,-71.59537984258908
147613,4920.4,,-87.19526669326763
147614,4920.433333333333,,-97.19459695314582
147615,4920.466666666666,,-93.36973529666844
147616,4920.5,,-87.64849349196037
147617,4920.533333333333,,-87.84630327491901
147618,4920.566666666667,,-85.02680254029066
147619,4920.6,,-82.17147971557353
147620,4920.633333333333,,-80.84071225677003
147621,4920.666666666667,,-80.03045204114355
147622,4920.7,,-77.34985208770419
147623,4920.733333333334,,-64.14758094237023
147624,4920.766666666666,,-50.706575140754936
147625,4920.8,,-40.37227236745306
147626,4920.833333333333,,-40.00919424817012
147627,4920.866666666667,,-40.69959137294518
147628,4920.9,,-42.800425351610066
147629,4920.933333333333,,-43.853052073508046
147630,4920.966666666666,,-48.28387080433347
147631,4921,,-59.535879374048925
147632,4921.033333333333,,-80.21322824747851
147633,4921.066666666667,,-90.41016150788943
147634,4921.1,,-104.66811932269808
147635,4921.133333333333,,-113.31694035172808
147636,4921.166666666667,,-108.04672927416591
147637,4921.2,,-101.32346713418058
147638,4921.233333333334,,-90.8104303441879
147639,4921.266666666666,,-82.07880700112116
147640,4921.3,,-65.92258879047829
147641,4921.333333333333,,-49.70071984450497
147642,4921.366666666667,,-29.451563751525047
147643,4921.4,,-24.411865177737095
147644,4921.433333333333,,-17.169945377900866
147645,4921.466666666666,,-19.951136079078413
147646,4921.5,,-31.186995806888376
147647,4921.533333333333,,-35.587767850020235
147648,4921.566666666667,,-29.61151827500038
147649,4921.6,,-34.466673703389084
147650,4921.633333333333,,-34.061925751265825
147651,4921.666666666667,,-43.614912541054885
147652,4921.7,,-54.01530711746229
147653,4921.733333333334,,-67.93283747021492
147654,4921.766666666666,,-70.46168985526998
147655,4921.8,,-84.49938952341344
147656,4921.833333333333,,-90.10210599869863
147657,4921.866666666667,,-89.48698794929011
147658,4921.9,,-76.2427241131544
147659,4921.933333333333,,-58.78680150921674
147660,4921.966666666666,,-42.30907888989663
147661,4922,,-24.964790218445096
147662,4922.033333333333,,-23.663266453297886
147663,4922.066666666667,,-30.266774075203358
147664,4922.1,,-50.99149476108356
147665,4922.133333333333,,-70.58808199809462
147666,4922.166666666667,,-85.91907246542311
147667,4922.2,,-98.04518166027785
147668,4922.233333333334,,-95.9275322531074
147669,4922.266666666666,,-92.15764255658462
147670,4922.3,,-84.54316551684047
147671,4922.333333333333,,-75.44903481303504
147672,4922.366666666667,,-53.05884917029321
147673,4922.4,,-47.327888203035286
147674,4922.433333333333,,-22.946575658598377
147675,4922.466666666666,,-4.377728690355765
147676,4922.5,,13.118426245586233
147677,4922.533333333333,,19.55983483280451
147678,4922.566666666667,,19.412108899032784
147679,4922.6,,36.26388751089637
147680,4922.633333333333,,38.97844746810082
147681,4922.666666666667,,35.91267387341119
147682,4922.7,,43.39435482216782
147683,4922.733333333334,,39.87083484125945
147684,4922.766666666666,,34.91759116715165
147685,4922.8,,26.449692459978728
147686,4922.833333333333,,18.81046621492578
147687,4922.866666666667,,13.670406450426992
147688,4922.9,,13.969514711782537
147689,4922.933333333333,,13.58667680336436
147690,4922.966666666666,,19.43641744790207
147691,4923,,23.7813161577422
147692,4923.033333333333,,29.61512104546845
147693,4923.066666666667,,33.30695844103366
147694,4923.1,,39.70201846962878
147695,4923.133333333333,,41.59677211163475
147696,4923.166666666667,,48.570314057994295
147697,4923.2,,52.747981965455814
147698,4923.233333333334,,55.9929323160024
147699,4923.266666666666,,55.31340198660473
147700,4923.3,,54.22965267901277
147701,4923.333333333333,,57.45711481232248
147702,4923.366666666667,,54.39251658389794
147703,4923.4,,55.81672896293574
147704,4923.433333333333,,55.885979167565694
147705,4923.466666666666,,56.854024913736275
147706,4923.5,,49.91213248754647
147707,4923.533333333333,,55.891426251414245
147708,4923.566666666667,,55.976514727195294
147709,4923.6,,58.20052855732209
147710,4923.633333333333,,57.02596414098377
147711,4923.666666666667,,57.59220711939457
147712,4923.7,,58.263046812550776
147713,4923.733333333334,,61.36341904665837
147714,4923.766666666666,,55.30803886099791
147715,4923.8,,53.68514087501333
147716,4923.833333333333,,56.61646245193229
147717,4923.866666666667,,44.14613555638567
147718,4923.9,,44.27904572002078
147719,4923.933333333333,,45.92490692582598
147720,4923.966666666666,,47.86064771970703
147721,4924,,58.88736191672453
147722,4924.033333333333,,58.7310880697762
147723,4924.066666666667,,46.76623582571066
147724,4924.1,,69.78953178470903
147725,4924.133333333333,,92.77146828722101
147726,4924.166666666667,,94.07588611629947
147727,4924.2,,95.22088103940386
147728,4924.233333333334,,96.05798354476165
147729,4924.266666666666,,94.0790915640564
147730,4924.3,,92.34357118784735
147731,4924.333333333333,,92.56170559512775
147732,4924.366666666667,,103.96874161481495
147733,4924.4,,106.26919698045253
147734,4924.433333333333,,107.63953562842256
147735,4924.466666666666,,109.01683589293414
147736,4924.5,,109.68358036092845
147737,4924.533333333333,,151.6510956986833
147738,4924.566666666667,,176.70173809185
147739,4924.6,,177.29127573795466
147740,4924.633333333333,,176.443854592807
147741,4924.666666666667,,174.10645319039477
147742,4924.7,,179.20159045064847
147743,4924.733333333334,,170.11108846768332
147744,4924.766666666666,,173.84484876418506
147745,4924.8,,170.19161029076471
147746,4924.833333333333,,171.26149041914212
147747,4924.866666666667,,116.70122874545785
147748,4924.9,,143.20745248270885
147749,4924.933333333333,,143.93859273055267
147750,4924.966666666666,,143.9690314418966
147751,4925,,137.90792841474465
147752,4925.033333333333,,70.46815628494696
147753,4925.066666666667,,19.5638269865465
147754,4925.1,,21.042087294347912
147755,4925.133333333333,,2.4167694052615216
147756,4925.166666666667,,-25.811683570115125
147757,4925.2,,-7.124398636433453
147758,4925.233333333334,,-20.020607568734324
147759,4925.266666666666,,-19.24184212464983
147760,4925.3,,-25.09749509907449
147761,4925.333333333333,,-22.82088394597226
147762,4925.366666666667,,14.224852250074834
147763,4925.4,,85.98275440384027
147764,4925.433333333333,,35.689269347368196
147765,4925.466666666666,,18.945382209635074
147766,4925.5,,10.928921362789742
147767,4925.533333333333,,24.976880525857403
147768,4925.566666666667,,20.985145661315894
147769,4925.6,,128.59220974893594
147770,4925.633333333333,,157.6483341713133
147771,4925.666666666667,,150.58143563857323
147772,4925.7,,174.11217839081152
147773,4925.733333333334,,-169.0017077185896
147774,4925.766666666666,,-179.36854004977337
147775,4925.8,,-179.61072874593822
147776,4925.833333333333,,-173.7042804126226
147777,4925.866666666667,,-167.03592606411596
147778,4925.9,,-166.81502770684193
147779,4925.933333333333,,-165.07866923629555
147780,4925.966666666666,,-171.56182904552475
147781,4926,,163.22210038143757
147782,4926.033333333333,,-82.84130309559656
147783,4926.066666666667,,-77.91265786559227
147784,4926.1,,-83.36030220745685
147785,4926.133333333333,,-82.45723925816138
147786,4926.166666666667,,-85.96522207986821
147787,4926.2,,-96.72708267342895
147788,4926.233333333334,,-118.53005274271669
147789,4926.266666666666,,-132.61577023598454
147790,4926.3,,-154.74702691069197
147791,4926.333333333333,,-166.47957845631927
147792,4926.366666666667,,173.65340899119172
147793,4926.4,,165.41502238657486
147794,4926.433333333333,,163.62125297624203
147795,4926.466666666666,,-152.9635291366389
147796,4926.5,,-126.95477409641832
147797,4926.533333333333,,-97.73195387918146
147798,4926.566666666667,,-63.69342942864955
147799,4926.6,,-13.631911266017768
147800,4926.633333333333,,-8.893436585204551
147801,4926.666666666667,,0.049382885121704474
147802,4926.7,,-1.696935492451003
147803,4926.733333333334,,-17.509693986018227
147804,4926.766666666666,,-41.70936271434178
147805,4926.8,,-58.50501363980018
147806,4926.833333333333,,-84.68299902365453
147807,4926.866666666667,,-108.71634510928361
147808,4926.9,,-128.94444070269296
147809,4926.933333333333,,-138.95817173084413
147810,4926.966666666666,,-131.62290848276504
147811,4927,,-109.48317873126351
147812,4927.033333333333,,-79.01531055453695
147813,4927.066666666667,,-55.597279208382695
147814,4927.1,,-25.790289144307387
147815,4927.133333333333,,0.9969202489247756
147816,4927.166666666667,,10.905570211206777
147817,4927.2,,11.678284281920327
147818,4927.233333333334,,2.134851145465142
147819,4927.266666666666,,-26.85583974280353
147820,4927.3,,-50.089304096449396
147821,4927.333333333333,,-88.59411993742643
147822,4927.366666666667,,-117.13906237061336
147823,4927.4,,-129.66746648549307
147824,4927.433333333333,,-136.74270894107002
147825,4927.466666666666,,-126.45902534734935
147826,4927.5,,-95.49773311437026
147827,4927.533333333333,,-68.25525896320434
147828,4927.566666666667,,-40.904219200776936
147829,4927.6,,-1.8602796793417578
147830,4927.633333333333,,15.840977189666456
147831,4927.666666666667,,21.119068606660115
147832,4927.7,,17.022478128386897
147833,4927.733333333334,,9.90975784641253
147834,4927.766666666666,,-14.755869036641734
147835,4927.8,,-39.871096015402664
147836,4927.833333333333,,-50.80652418521187
147837,4927.866666666667,,-67.33441975310046
147838,4927.9,,-107.13099167768158
147839,4927.933333333333,,-109.11025253269123
147840,4927.966666666666,,-94.21381928193784
147841,4928,,-51.83976224667494
147842,4928.033333333333,,-21.10718537551769
147843,4928.066666666667,,-20.93650318584998
147844,4928.1,,-27.760096442801864
147845,4928.133333333333,,-23.451360065691784
147846,4928.166666666667,,-15.562557453737012
147847,4928.2,,-10.694185381548872
147848,4928.233333333334,,-14.786434511867116
147849,4928.266666666666,,-29.281718399556077
147850,4928.3,,,86.19337912524041
147851,4928.333333333333,,,109.89976202988836
147852,4928.366666666667,,,123.08476973228333
147853,4928.4,,,119.96664339769502
147854,4928.433333333333,,,99.98320268746117
147855,4928.466666666666,,,49.22643304806907
147856,4928.5,,,22.239096719587582
147857,4928.533333333333,,,14.983456108016943
147858,4928.566666666667,,,-10.011388309389808
147859,4928.6,,,-23.7651411700709
147860,4928.633333333333,,,-25.1838010164415
147861,4928.666666666667,,,-11.70249335635076
147862,4928.7,,,-12.68662259597392
147863,4928.733333333334,,,-6.846959613953544
147864,4928.766666666666,,,5.500356921937407
147865,4928.8,,,20.84481800320635
147866,4928.833333333333,,,20.899692634060845
147867,4928.866666666667,,,17.45746222238326
147868,4928.9,,,8.169597264439187
147869,4928.933333333333,,,-9.702172798322163
147870,4928.966666666666,,,-32.16257772865712
147871,4929,,,-42.11686453091389
147872,4929.033333333333,,,-64.35381545393263
147873,4929.066666666667,,,-72.66297544354727
147874,4929.1,,,-68.9442379723886
147875,4929.133333333333,,,-52.347047249290924
147876,4929.166666666667,,,,,,,,,,
147877,4929.2,,,,,,,,,,
147878,4929.233333333334,,,,,,,,,,
147879,4929.266666666666,,,,,,,,,,
147880,4929.3,,,,,,,,,,
147881,4929.333333333333,,,,,,,,,,
147882,4929.366666666667,,,,,,,,,,
147883,4929.4,,,,,,,,,,
147884,4929.433333333333,,,,,,,,,,
147885,4929.466666666666,,,,,,,,,,
147886,4929.5,,,,,,,,,,
147887,4929.533333333333,,,,,,,,,,
147888,4929.566666666667,,,,,,,,,,
147889,4929.6,,,,,,,,,,
147890,4929.633333333333,,,,,,,,,,
147891,4929.666666666667,,,,,,,,,,
147892,4929.7,,,,,,,,,,
147893,4929.733333333334,,,,,,,,,,
147894,4929.766666666666,,,,,,,,,,
147895,4929.8,,,,,,,,,,
147896,4929.833333333333,,,,,,,,,,
147897,4929.866666666667,,,,,,,,,,
147898,4929.9,,,,,,,,,,
147899,4929.933333333333,,,,,,,,,,
147900,4929.966666666666,,,,,,,,,,
147901,4930,,,,,,,,,,
147902,4930.033333333333,,,,,,,,,,
147903,4930.066666666667,,,,,,,,,,
147904,4930.1,,,,,,,,,,
147905,4930.133333333333,,,,,,,,,,
147906,4930.166666666667,,,,,,,,,,
147907,4930.2,,,,,,,,,,
147908,4930.233333333334,,,,,,,,,,
147909,4930.266666666666,,,,,,,,,,
147910,4930.3,,,,,,,,,,
147911,4930.333333333333,,,,,,,,,,
147912,4930.366666666667,,,,,,,,,,
147913,4930.4,,,,,,,,,,
147914,4930.433333333333,,,,,,,,,,
147915,4930.466666666666,,,,,,,,,,
147916,4930.5,,,,,,,,,,
147917,4930.533333333333,,,,,,,,,,
147918,4930.566666666667,,,,,,,,,,
147919,4930.6,,,,,,,,,,
147920,4930.633333333333,,,,,,,,,,
147921,4930.666666666667,,,,,,,,,,
147922,4930.7,,,,,,,,,,
147923,4930.733333333334,,,,,,,,,,
147924,4930.766666666666,,,,,,,,,,
147925,4930.8,,,,,,,,,,
147926,4930.833333333333,,,,,,,,,,
147927,4930.866666666667,,,,,,,,,,
147928,4930.9,,,,,,,,,,
147929,4930.933333333333,,,,,,,,,,
147930,4930.966666666666,,,,,,,,,,
147931,4931,,,,,,,,,,
147932,4931.033333333333,,,,,,,,,,
147933,4931.066666666667,,,,,,,,,,
147934,4931.1,,,,,,,,,,
147935,4931.133333333333,,,,,,,,,,
147936,4931.166666666667,,,,,,,,,,
147937,4931.2,,,,,,,,,,
147938,4931.233333333334,,,,,,,,,,
147939,4931.266666666666,,,,,,,,,,
147940,4931.3,,,,,,,,,,
147941,4931.333333333333,,,,,,,,,,
147942,4931.366666666667,,,,,,,,,,
147943,4931.4,,,,,,,,,,
147944,4931.433333333333,,,,,,,,,,
147945,4931.466666666666,,,,,,,,,,
147946,4931.5,,,,,,,,,,
147947,4931.533333333333,,,,,,,,,,
147948,4931.566666666667,,,,,,,,,,
147949,4931.6,,,,,,,,,,
147950,4931.633333333333,,,,,,,,,,
147951,4931.666666666667,,,,,,,,,,
147952,4931.7,,,,,,,,,,
147953,4931.733333333334,,,,,,,,,,
147954,4931.766666666666,,,,,,,,,,
147955,4931.8,,,,,,,,,,
147956,4931.833333333333,,,,,,,,,,
147957,4931.866666666667,,,,,,,,,,
147958,4931.9,,,,,,,,,,
147959,4931.933333333333,,,,,,,,,,
147960,4931.966666666666,,,,,,,,,,
147961,4932,,,,,,,,,,
147962,4932.033333333333,,,,,,,,,,
147963,4932.066666666667,,,,,,,,,,
147964,4932.1,,,,,,,,,,
147965,4932.133333333333,,,,,,,,,,
147966,4932.166666666667,,,,,,,,,,
147967,4932.2,,,,,,,,,,
147968,4932.233333333334,,,,,,,,,,
147969,4932.266666666666,,,,,,,,,,
147970,4932.3,,,,,,,,,,
147971,4932.333333333333,,,,,,,,,,
147972,4932.366666666667,,,,,,,,,,
147973,4932.4,,,,,,,,,,
147974,4932.433333333333,,,,,,,,,,
147975,4932.466666666666,,,,,,,,,,
147976,4932.5,,,,,,,,,,
147977,4932.533333333333,,,,,,,,,,
147978,4932.566666666667,,,,,,,,,,
147979,4932.6,,,,,,,,,,
147980,4932.633333333333,,,,,,,,,,
147981,4932.666666666667,,,,,,,,,,
147982,4932.7,,,,,,,,,,
147983,4932.733333333334,,,,,,,,,,
147984,4932.766666666666,,,,,,,,,,
147985,4932.8,,,,,,,,,,
147986,4932.833333333333,,,,,,,,,,
147987,4932.866666666667,,,,,,,,,,
147988,4932.9,,,,,,,,,,
147989,4932.933333333333,,,,,,,,,,
147990,4932.966666666666,,,,,,,,,,
147991,4933,,,,,,,,,,
147992,4933.033333333333,,,,,,,,,,
147993,4933.066666666667,,,,,,,,,,
147994,4933.1,,,,,,,,,,
147995,4933.133333333333,,,,,,,,,,
147996,4933.166666666667,,,,,,,,,,
147997,4933.2,,,,,,,,,,
147998,4933.233333333334,,,,,,,,,,
147999,4933.266666666666,,,,,,,,,,
148000,4933.3,,,,,,,,,,
148001,4933.333333333333,,,,,,,,,,
148002,4933.366666666667,,,,,,,,,,
148003,4933.4,,,,,,,,,,
148004,4933.433333333333,,,,,,,,,,
148005,4933.466666666666,,,,,,,,,,
148006,4933.5,,,,,,,,,,
148007,4933.533333333333,,,,,,,,,,
148008,4933.566666666667,,,,,,,,,,
148009,4933.6,,,,,,,,,,
148010,4933.633333333333,,,,,,,,,,
148011,4933.666666666667,,,,,,,,,,
148012,4933.7,,,,,,,,,,
148013,4933.733333333334,,,,,,,,,,
148014,4933.766666666666,,,,,,,,,,
148015,4933.8,,,,,,,,,,
148016,4933.833333333333,,,,,,,,,,
148017,4933.866666666667,,,,,,,,,,
148018,4933.9,,,,,,,,,,
148019,4933.933333333333,,,,,,,,,,
148020,4933.966666666666,,,,,,,,,,
148021,4934,,,,,,,,,,
148022,4934.033333333333,,,,,,,,,,
148023,4934.066666666667,,,,,,,,,,
148024,4934.1,,,,,,,,,,
148025,4934.133333333333,,,,,,,,,,
148026,4934.166666666667,,,,,,,,,,
148027,4934.2,,,,,,,,,,
148028,4934.233333333334,,,,,,,,,,
148029,4934.266666666666,,,,,,,,,,
148030,4934.3,,,,,,,,,,
148031,4934.333333333333,,,,,,,,,,
148032,4934.366666666667,,,,,,,,,,
148033,4934.4,,,,,,,,,,
148034,4934.433333333333,,,,,,,,,,
148035,4934.466666666666,,,,,,,,,,
148036,4934.5,,,,,,,,,,
148037,4934.533333333333,,,,,,,,,,
148038,4934.566666666667,,,,,,,,,,
148039,4934.6,,,,,,,,,,
148040,4934.633333333333,,,,,,,,,,
148041,4934.666666666667,,,,,,,,,,
148042,4934.7,,,,,,,,,,
148043,4934.733333333334,,,,,,,,,,
148044,4934.766666666666,,,,,,,,,,
148045,4934.8,,,,,,,,,,
148046,4934.833333333333,,,,,,,,,,
148047,4934.866666666667,,,,,,,,,,
148048,4934.9,,,,,,,,,,
148049,4934.933333333333,,,,,,,,,,
148050,4934.966666666666,,,,,,,,,,
148051,4935,,,,,,,,,,
148052,4935.033333333333,,,,,,,,,,
148053,4935.066666666667,,,,,,,,,,
148054,4935.1,,,,,,,,,,
148055,4935.133333333333,,,,,,,,,,
148056,4935.166666666667,,,,,,,,,,
148057,4935.2,,,,,,,,,,
148058,4935.233333333334,,,,,,,,,,
148059,4935.266666666666,,,,,,,,,,
148060,4935.3,,,,,,,,,,
148061,4935.333333333333,,,,,,,,,,
148062,4935.366666666667,,,,,,,,,,
148063,4935.4,,,,,,,,,,
148064,4935.433333333333,,,,,,,,,,
148065,4935.466666666666,,,,,,,,,,
148066,4935.5,,,,,,,,,,
148067,4935.533333333333,,,,,,,,,,
148068,4935.566666666667,,,,,,,,,,
148069,4935.6,,,,,,,,,,
148070,4935.633333333333,,,,,,,,,,
148071,4935.666666666667,,,,,,,,,,
148072,4935.7,,,,,,,,,,
148073,4935.733333333334,,,,,,,,,,
148074,4935.766666666666,,,,,,,,,,
148075,4935.8,,,,,,,,,,
148076,4935.833333333333,,,,,,,,,,
148077,4935.866666666667,,,,,,,,,,
148078,4935.9,,,,,,,,,,
148079,4935.933333333333,,,,,,,,,,
148080,4935.966666666666,,,,,,,,,,
148081,4936,,,,,,,,,,
148082,4936.033333333333,,,,,,,,,,
148083,4936.066666666667,,,,,,,,,,
148084,4936.1,,,,,,,,,,
148085,4936.133333333333,,,,,,,,,,
148086,4936.166666666667,,,,,,,,,,
148087,4936.2,,,,,,,,,,
148088,4936.233333333334,,,,,,,,,,
148089,4936.266666666666,,,,,,,,,,
148090,4936.3,,,,,,,,,,
148091,4936.333333333333,,,,,,,,,,
148092,4936.366666666667,,,,,,,,,,
148093,4936.4,,,,,,,,,,
148094,4936.433333333333,,,,,,,,,,
148095,4936.466666666666,,,,,,,,,,
148096,4936.5,,,,,,,,,,
148097,4936.533333333333,,,,,,,,,,
148098,4936.566666666667,,,,,,,,,,
148099,4936.6,,,,,,,,,,
148100,4936.633333333333,,,,,,,,,,
148101,4936.666666666667,,,,,,,,,,
148102,4936.7,,,,,,,,,,
148103,4936.733333333334,,,,,,,,,,
148104,4936.766666666666,,,,,,,,,,
148105,4936.8,,,,,,,,,,
148106,4936.833333333333,,,,,,,,,,
148107,4936.866666666667,,,,,,,,,,
148108,4936.9,,,,,,,,,,
148109,4936.933333333333,,,,,,,,,,
148110,4936.966666666666,,,,,,,,,,
148111,4937,,,,,,,,,,
148112,4937.033333333333,,,,,,,,,,
148113,4937.066666666667,,,,,,,,,,
148114,4937.1,,,,,,,,,,
148115,4937.133333333333,,,,,,,,,,
148116,4937.166666666667,,,,,,,,,,
148117,4937.2,,,,,,,,,,
148118,4937.233333333334,,,,,,,,,,
148119,4937.266666666666,,,,,,,,,,
148120,4937.3,,,,,,,,,,
148121,4937.333333333333,,,,,,,,,,
148122,4937.366666666667,,,,,,,,,,
148123,4937.4,,,,,,,,,,
148124,4937.433333333333,,,,,,,,,,
148125,4937.466666666666,,,,,,,,,,
148126,4937.5,,,,,,,,,,
148127,4937.533333333333,,,,,,,,,,
148128,4937.566666666667,,,,,,,,,,
148129,4937.6,,,,,,,,,,
148130,4937.633333333333,,,,,,,,,,
148131,4937.666666666667,,,,,,,,,,
148132,4937.7,,,,,,,,,,
148133,4937.733333333334,,,,,,,,,,
148134,4937.766666666666,,,,,,,,,,
148135,4937.8,,,,,,,,,,
148136,4937.833333333333,,,,,,,,,,
148137,4937.866666666667,,,,,,,,,,
148138,4937.9,,,,,,,,,,
148139,4937.933333333333,,,,,,,,,,
148140,4937.966666666666,,,,,,,,,,
148141,4938,,,,,,,,,,
148142,4938.033333333333,,,,,,,,,,
148143,4938.066666666667,,,,,,,,,,
148144,4938.1,,,,,,,,,,
148145,4938.133333333333,,,,,,,,,,
148146,4938.166666666667,,,,,,,,,,
148147,4938.2,,,,,,,,,,
148148,4938.233333333334,,,,,,,,,,
148149,4938.266666666666,,,,,,,,,,
148150,4938.3,,,,,,,,,,
148151,4938.333333333333,,,,,,,,,,
148152,4938.366666666667,,,,,,,,,,
148153,4938.4,,,,,,,,,,
148154,4938.433333333333,,,,,,,,,,
148155,4938.466666666666,,,,,,,,,,
148156,4938.5,,,,,,,,,,
148157,4938.533333333333,,,,,,,,,,
148158,4938.566666666667,,,,,,,,,,
148159,4938.6,,,,,,,,,,
148160,4938.633333333333,,,,,,,,,,
148161,4938.666666666667,,,,,,,,,,
148162,4938.7,,,,,,,,,,
148163,4938.733333333334,,,,,,,,,,
148164,4938.766666666666,,,,,,,,,,
148165,4938.8,,,,,,,,,,
148166,4938.833333333333,,,,,,,,,,
148167,4938.866666666667,,,,,,,,,,
148168,4938.9,,,,,,,,,,
148169,4938.933333333333,,,,,,,,,,
148170,4938.966666666666,,,,,,,,,,
148171,4939,,,,,,,,,,
148172,4939.033333333333,,,,,,,,,,
148173,4939.066666666667,,,,,,,,,,
148174,4939.1,,,,,,,,,,
148175,4939.133333333333,,,,,,,,,,
148176,4939.166666666667,,,,,,,,,,
148177,4939.2,,,,,,,,,,
148178,4939.233333333334,,,,,,,,,,
148179,4939.266666666666,,,,,,,,,,
148180,4939.3,,,,,,,,,,
148181,4939.333333333333,,,,,,,,,,
148182,4939.366666666667,,,,,,,,,,
148183,4939.4,,,,,,,,,,
148184,4939.433333333333,,,,,,,,,,
148185,4939.466666666666,,,,,,,,,,
148186,4939.5,,,,-21.03666019473153
148187,4939.533333333333,,,,-14.627419739341429
148188,4939.566666666667,,,,-19.852909008338838
148189,4939.6,,,,-18.059736758861455
148190,4939.633333333333,,,,-8.041000210162277
148191,4939.666666666667,,,,-7.99241107234987
148192,4939.7,,,,8.206859019805318
148193,4939.733333333334,,,,13.954706046269354
148194,4939.766666666666,,,,24.767464086236906
148195,4939.8,,,,23.97519881452278
148196,4939.833333333333,,,,36.106652173414346
148197,4939.866666666667,,,,44.42103863796381
148198,4939.9,,,,37.01029395991765
148199,4939.933333333333,,,,23.389995903248828
148200,4939.966666666666,,,,6.611271599849142
148201,4940,,,,5.072737056799138
148202,4940.033333333333,,,,-27.922833352586625
148203,4940.066666666667,,,,-29.33051521589352
148204,4940.1,,,,-30.766123279201874
148205,4940.133333333333,,,,-26.603429685134934
148206,4940.166666666667,,,,-22.901883567187085
148207,4940.2,,,,-17.20855420472383
148208,4940.233333333334,,,,-13.058643596934816
148209,4940.266666666666,,,,12.18734618297569
148210,4940.3,,,,23.40898915089278
148211,4940.333333333333,,,,48.234147871853025
148212,4940.366666666667,,,,50.356900117869856
148213,4940.4,,,,60.515424261858406
148214,4940.433333333333,,,,67.38676753804626
148215,4940.466666666666,,,,59.3543797462731
148216,4940.5,,,,57.81749172000354
148217,4940.533333333333,,,,38.87848838966081
148218,4940.566666666667,,,,7.4865036455340945
148219,4940.6,,,,-15.297742884557938
148220,4940.633333333333,,,,-38.71603385222244
148221,4940.666666666667,,,,-53.54913593902543
148222,4940.7,,,,-60.668856045227294
148223,4940.733333333334,,,,-64.70427318528749
148224,4940.766666666666,,,,-62.70710472798434
148225,4940.8,,,,-57.11628629703594
148226,4940.833333333333,,,,-45.54757355867828
148227,4940.866666666667,,,,-39.659831417041715
148228,4940.9,,,,-32.145698739521
148229,4940.933333333333,,,,-17.25304694181264
148230,4940.966666666666,,,,-9.45153948659933
148231,4941,,,,3.6062916456532097
148232,4941.033333333333,,,,11.714582273888654
148233,4941.066666666667,,,,19.908925799686866
148234,4941.1,,,,28.189541999193285
148235,4941.133333333333,,,,27.496176575200963
148236,4941.166666666667,,,,21.956271771478338
148237,4941.2,,,,8.56668562637043
148238,4941.233333333334,,,,-1.9774505515642862
148239,4941.266666666666,,,,-16.54071734893554
148240,4941.3,,,,-26.496461062221428
148241,4941.333333333333,,,,-36.94081291013471
148242,4941.366666666667,,,,-35.679403392537786
148243,4941.4,,,,-34.777213238630814
148244,4941.433333333333,,,,-30.470970751354834
148245,4941.466666666666,,,,-32.6348968740272
148246,4941.5,,,,-30.257443596474378
148247,4941.533333333333,,,,-3.1760231851489764
148248,4941.566666666667,,,,12.935378471003524
148249,4941.6,,,,22.869483041153263
148250,4941.633333333333,,,,20.038672793515428
148251,4941.666666666667,,,,15.540805249781597
148252,4941.7,,,,5.745878222815021
148253,4941.733333333334,,,,-0.085151719127135
148254,4941.766666666666,,,,-1.7637080912203689
148255,4941.8,,,,-27.91691207982882
148256,4941.833333333333,,,,-32.96784112203298
148257,4941.866666666667,,,,-38.543463207359935
148258,4941.9,,,,-40.65593384884689
148259,4941.933333333333,,,,-34.159726682244305
148260,4941.966666666666,,,,-41.112246766925196
148261,4942,,,,-34.915119672283424
148262,4942.033333333333,,,,-34.53151128277988
148263,4942.066666666667,,,,-15.458019844421289
148264,4942.1,,,,-6.573480020145174
148265,4942.133333333333,,,,31.027634018618883
148266,4942.166666666667,,,,,45.17432800830208
148267,4942.2,,,,,54.4495256269799
148268,4942.233333333334,,,,,57.40307407461799
148269,4942.266666666666,,,,,52.22137462065792
148270,4942.3,,,,,11.175003658043853
148271,4942.333333333333,,,,,-2.707697297085781
148272,4942.366666666667,,,,,-32.10457384982257
148273,4942.4,,,,,-47.15063371240837
148274,4942.433333333333,,,,,-61.50973650804865
148275,4942.466666666666,,,,,-63.42433588186858
148276,4942.5,,,,,-59.3934696621047
148277,4942.533333333333,,,,,-53.737041035917976
148278,4942.566666666667,,,,,-46.4613147036831
148279,4942.6,,,,,-37.038842263653834
148280,4942.633333333333,,,,,-13.917513872550344
148281,4942.666666666667,,,,,-8.56702490668609
148282,4942.7,,,,,3.130516057660725
148283,4942.733333333334,,,,,0.39783993356555036
148284,4942.766666666666,,,,,17.955500819555827
148285,4942.8,,,,,36.26478953365718
148286,4942.833333333333,,,,,43.670434755103486
148287,4942.866666666667,,,,,40.61333099692832
148288,4942.9,,,,,41.71384139997344
148289,4942.933333333333,,,,,35.16890456639145
148290,4942.966666666666,,,,,30.640953613974514
148291,4943,,,,,,-30.49356412948515
148292,4943.033333333333,,,,,,-43.31287855689154
148293,4943.066666666667,,,,,,-50.70416705416797
148294,4943.1,,,,,,-52.07747661965288
148295,4943.133333333333,,,,,,-51.53114657482618
148296,4943.166666666667,,,,,,-45.129377537402206
148297,4943.2,,,,,,-27.703765957650447
148298,4943.233333333334,,,,,,-11.804878723117367
148299,4943.266666666666,,,,,,0.534146479374423
148300,4943.3,,,,,,17.366009144605396
148301,4943.333333333333,,,,,,22.07624753361119
148302,4943.366666666667,,,,,,34.554944869151505
148303,4943.4,,,,,,48.64624088770909
148304,4943.433333333333,,,,,,60.047375952493624
148305,4943.466666666666,,,,,,70.26846412326833
148306,4943.5,,,,,,,56.71023460325479
148307,4943.533333333333,,,,,,,61.502289197556586
148308,4943.566666666667,,,,,,,64.97523558473318
148309,4943.6,,,,,,,68.67426805293516
148310,4943.633333333333,,,,,,,80.90666973985694
148311,4943.666666666667,,,,,,,87.02742766037953
148312,4943.7,,,,,,,102.932204309265
148313,4943.733333333334,,,,,,,96.92083385918296
148314,4943.766666666666,,,,,,,87.80707611087419
148315,4943.8,,,,,,,82.71106654506241
148316,4943.833333333333,,,,,,,78.99626168536801
148317,4943.866666666667,,,,,,,76.77728600743298
148318,4943.9,,,,,,,74.00665938840292
148319,4943.933333333333,,,,,,,69.9034485125652
148320,4943.966666666666,,,,,,,58.659726939577375
148321,4944,,,,,,,44.69332570852263
148322,4944.033333333333,,,,,,,24.586914865518832
148323,4944.066666666667,,,,,,,-14.8840246940317
148324,4944.1,,,,,,,-26.16052778538111
148325,4944.133333333333,,,,,,,-39.417844976983936
148326,4944.166666666667,,,,,,,-40.275707147180356
148327,4944.2,,,,,,,-19.039404018635853
148328,4944.233333333334,,,,,,,-7.226285468094046
148329,4944.266666666666,,,,,,,5.532014268475905
148330,4944.3,,,,,,,20.37399843037203
148331,4944.333333333333,,,,,,,33.32705913150819
148332,4944.366666666667,,,,,,,46.689490533737185
148333,4944.4,,,,,,,63.138205910582265
148334,4944.433333333333,,,,,,,76.90739741145451
148335,4944.466666666666,,,,,,,91.4886723132678
148336,4944.5,,,,,,,,,,
148337,4944.533333333333,,,,,,,,,,
148338,4944.566666666667,,,,,,,,,,
148339,4944.6,,,,,,,,,,
148340,4944.633333333333,,,,,,,,,,
148341,4944.666666666667,,,,,,,,,,
148342,4944.7,,,,,,,,,,
148343,4944.733333333334,,,,,,,,,,
148344,4944.766666666666,,,,,,,,,,
148345,4944.8,,,,,,,,,,
148346,4944.833333333333,,,,,,,,,,
148347,4944.866666666667,,,,,,,,,,
148348,4944.9,,,,,,,,,,
148349,4944.933333333333,,,,,,,,,,
148350,4944.966666666666,,,,,,,,,,
148351,4945,,,,,,,,,,
148352,4945.033333333333,,,,,,,,,,
148353,4945.066666666667,,,,,,,,,,
148354,4945.1,,,,,,,,,,
148355,4945.133333333333,,,,,,,,,,
148356,4945.166666666667,,,,,,,,,,
148357,4945.2,,,,,,,,,,
148358,4945.233333333334,,,,,,,,,,
148359,4945.266666666666,,,,,,,,,,
148360,4945.3,,,,,,,,,,
148361,4945.333333333333,,,,,,,,,,
148362,4945.366666666667,,,,,,,,,,
148363,4945.4,,,,,,,,,,
148364,4945.433333333333,,,,,,,,,,
148365,4945.466666666666,,,,,,,,,,
148366,4945.5,,,,,,,,,,
148367,4945.533333333333,,,,,,,,,,
148368,4945.566666666667,,,,,,,,,,
148369,4945.6,,,,,,,,,,
148370,4945.633333333333,,,,,,,,,,
148371,4945.666666666667,,,,,,,,,,
148372,4945.7,,,,,,,,,,
148373,4945.733333333334,,,,,,,,,,
148374,4945.766666666666,,,,,,,,,,
148375,4945.8,,,,,,,,,,
148376,4945.833333333333,,,,,,,,,,
148377,4945.866666666667,,,,,,,,,,
148378,4945.9,,,,,,,,,,
148379,4945.933333333333,,,,,,,,,,
148380,4945.966666666666,,,,,,,,,,
148381,4946,,,,,,,,,,
148382,4946.033333333333,,,,,,,,,,
148383,4946.066666666667,,,,,,,,,,
148384,4946.1,,,,,,,,,,
148385,4946.133333333333,,,,,,,,,,
148386,4946.166666666667,,,,,,,,,,
148387,4946.2,,,,,,,,,,
148388,4946.233333333334,,,,,,,,,,
148389,4946.266666666666,,,,,,,,,,
148390,4946.3,,,,,,,,,,
148391,4946.333333333333,,,,,,,,,,
148392,4946.366666666667,,,,,,,,,,
148393,4946.4,,,,,,,,,,
148394,4946.433333333333,,,,,,,,,,
148395,4946.466666666666,,,,,,,,,,
148396,4946.5,,,,,,,,,,
148397,4946.533333333333,,,,,,,,,,
148398,4946.566666666667,,,,,,,,,,
148399,4946.6,,,,,,,,,,
148400,4946.633333333333,,,,,,,,,,
148401,4946.666666666667,,,,,,,,,,
148402,4946.7,,,,,,,,,,
148403,4946.733333333334,,,,,,,,,,
148404,4946.766666666666,,,,,,,,,,
148405,4946.8,,,,,,,,,,
148406,4946.833333333333,,,,,,,,,,
148407,4946.866666666667,,,,,,,,,,
148408,4946.9,,,,,,,,,,
148409,4946.933333333333,,,,,,,,,,
148410,4946.966666666666,,,,,,,,,,
148411,4947,,,,,,,,,,
148412,4947.033333333333,,,,,,,,,,
148413,4947.066666666667,,,,,,,,,,
148414,4947.1,,,,,,,,,,
148415,4947.133333333333,,,,,,,,,,
148416,4947.166666666667,,,,,,,,,,
148417,4947.2,,,,,,,,,,
148418,4947.233333333334,,,,,,,,,,
148419,4947.266666666666,,,,,,,,,,
148420,4947.3,,,,,,,,,,
148421,4947.333333333333,,,,,,,,,,
148422,4947.366666666667,,,,,,,,,,
148423,4947.4,,,,,,,,,,
148424,4947.433333333333,,,,,,,,,,
148425,4947.466666666666,,,,,,,,,,
148426,4947.5,,,,,,,,,,
148427,4947.533333333333,,,,,,,,,,
148428,4947.566666666667,,,,,,,,,,
148429,4947.6,,,,,,,,,,
148430,4947.633333333333,,,,,,,,,,
148431,4947.666666666667,,,,,,,,,,
148432,4947.7,,,,,,,,,,
148433,4947.733333333334,,,,,,,,,,
148434,4947.766666666666,,,,,,,,,,
148435,4947.8,,,,,,,,,,
148436,4947.833333333333,,,,,,,,,,
148437,4947.866666666667,,,,,,,,,,
148438,4947.9,,,,,,,,,,
148439,4947.933333333333,,,,,,,,,,
148440,4947.966666666666,,,,,,,,,,
148441,4948,,,,,,,,,,
148442,4948.033333333333,,,,,,,,,,
148443,4948.066666666667,,,,,,,,,,
148444,4948.1,,,,,,,,,,
148445,4948.133333333333,,,,,,,,,,
148446,4948.166666666667,,,,,,,,,,
148447,4948.2,,,,,,,,,,
148448,4948.233333333334,,,,,,,,,,
148449,4948.266666666666,,,,,,,,,,
148450,4948.3,,,,,,,,,,
148451,4948.333333333333,,,,,,,,,,
148452,4948.366666666667,,,,,,,,,,
148453,4948.4,,,,,,,,,,
148454,4948.433333333333,,,,,,,,,,
148455,4948.466666666666,,,,,,,,,,
148456,4948.5,,,,,,,,,,
148457,4948.533333333333,,,,,,,,-93.70128195291468
148458,4948.566666666667,,,,,,,,-129.07648228874982
148459,4948.6,,,,,,,,-157.3397520347273
148460,4948.633333333333,,,,,,,,176.1685340565305
148461,4948.666666666667,,,,,,,,132.4765894426679
148462,4948.7,,,,,,,,107.76077402521348
148463,4948.733333333334,,,,,,,,97.9322341540738
148464,4948.766666666666,,,,,,,,84.69007794358333
148465,4948.8,,,,,,,,85.9587208554081
148466,4948.833333333333,,,,,,,,88.30450485936062
148467,4948.866666666667,,,,,,,,95.44367331586517
148468,4948.9,,,,,,,,104.10656919348015
148469,4948.933333333333,,,,,,,,101.94684460919134
148470,4948.966666666666,,,,,,,,101.44139999269693
148471,4949,,,,,,,,102.54060841719519
148472,4949.033333333333,,,,,,,,92.00913120416985
148473,4949.066666666667,,,,,,,,75.97613948716756
148474,4949.1,,,,,,,,68.34894337727306
148475,4949.133333333333,,,,,,,,42.885269748529794
148476,4949.166666666667,,,,,,,,37.119598032083125
148477,4949.2,,,,,,,,37.21313680708918
148478,4949.233333333334,,,,,,,,44.27670737226143
148479,4949.266666666666,,,,,,,,54.47880049272116
148480,4949.3,,,,,,,,63.54774339711809
148481,4949.333333333333,,,,,,,,76.08241907955437
148482,4949.366666666667,,,,,,,,94.07322767078672
148483,4949.4,,,,,,,,107.37611674223908
148484,4949.433333333333,,,,,,,,110.24832247375171
148485,4949.466666666666,,,,,,,,104.60514247426771
148486,4949.5,,,,,,,,99.5302038111946
148487,4949.533333333333,,,,,,,,70.08205147983826
148488,4949.566666666667,,,,,,,,54.57321958845442
148489,4949.6,,,,,,,,40.50423890607667
148490,4949.633333333333,,,,,,,,23.67886143488854
148491,4949.666666666667,,,,,,,,18.31769411557112
148492,4949.7,,,,,,,,-7.845704722184952
148493,4949.733333333334,,,,,,,,-18.3665734184106
148494,4949.766666666666,,,,,,,,-34.215291484269144
148495,4949.8,,,,,,,,-33.87556269236274
148496,4949.833333333333,,,,,,,,-45.25336566404011
148497,4949.866666666667,,,,,,,,-62.035334630139744
148498,4949.9,,,,,,,,-67.8991020543503
148499,4949.933333333333,,,,,,,,-92.30479423564938
148500,4949.966666666666,,,,,,,,,,
148501,4950,,,,,,,,,,
148502,4950.033333333333,,,,,,,,,,
148503,4950.066666666667,,,,,,,,,,
148504,4950.1,,,,,,,,,,
148505,4950.133333333333,,,,,,,,,,
148506,4950.166666666667,,,,,,,,,,
148507,4950.2,,,,,,,,,,
148508,4950.233333333334,,,,,,,,,,
148509,4950.266666666666,,,,,,,,,,
148510,4950.3,,,,,,,,,,
148511,4950.333333333333,,,,,,,,,,
148512,4950.366666666667,,,,,,,,,,
148513,4950.4,,,,,,,,,,
148514,4950.433333333333,,,,,,,,,,
148515,4950.466666666666,,,,,,,,,,
148516,4950.5,,,,,,,,,,
148517,4950.533333333333,,,,,,,,,,
148518,4950.566666666667,,,,,,,,,,
148519,4950.6,,,,,,,,,,
148520,4950.633333333333,,,,,,,,,,
148521,4950.666666666667,,,,,,,,,,
148522,4950.7,,,,,,,,,,
148523,4950.733333333334,,,,,,,,,,
148524,4950.766666666666,,,,,,,,,,
148525,4950.8,,,,,,,,,,
148526,4950.833333333333,,,,,,,,,,
148527,4950.866666666667,,,,,,,,,,
148528,4950.9,,,,,,,,,,
148529,4950.933333333333,,,,,,,,,,
148530,4950.966666666666,,,,,,,,,,
148531,4951,,,,,,,,,,
148532,4951.033333333333,,,,,,,,,,
148533,4951.066666666667,,,,,,,,,,
148534,4951.1,,,,,,,,,,
148535,4951.133333333333,,,,,,,,,,
148536,4951.166666666667,,,,,,,,,,
148537,4951.2,,,,,,,,,,
148538,4951.233333333334,,,,,,,,,,
148539,4951.266666666666,,,,,,,,,,
148540,4951.3,,,,,,,,,,
148541,4951.333333333333,,,,,,,,,,
148542,4951.366666666667,,,,,,,,,,
148543,4951.4,,,,,,,,,,
148544,4951.433333333333,,,,,,,,,,
148545,4951.466666666666,,,,,,,,,,
148546,4951.5,,,,,,,,,,
148547,4951.533333333333,,,,,,,,,,
148548,4951.566666666667,,,,,,,,,,
148549,4951.6,,,,,,,,,,
148550,4951.633333333333,,,,,,,,,,
148551,4951.666666666667,,,,,,,,,,
148552,4951.7,,,,,,,,,,
148553,4951.733333333334,,,,,,,,,,
148554,4951.766666666666,,,,,,,,,,
148555,4951.8,,,,,,,,,,
148556,4951.833333333333,,,,,,,,,,
148557,4951.866666666667,,,,,,,,,,
148558,4951.9,,,,,,,,,,
148559,4951.933333333333,,,,,,,,,,
148560,4951.966666666666,,,,,,,,,,
148561,4952,,,,,,,,,,
148562,4952.033333333333,,,,,,,,,,
148563,4952.066666666667,,,,,,,,,,
148564,4952.1,,,,,,,,,,
148565,4952.133333333333,,,,,,,,,,
148566,4952.166666666667,,,,,,,,,,
148567,4952.2,,,,,,,,,,
148568,4952.233333333334,,,,,,,,,,
148569,4952.266666666666,,,,,,,,,,
148570,4952.3,,,,,,,,,,
148571,4952.333333333333,,,,,,,,,,
148572,4952.366666666667,,,,,,,,,,
148573,4952.4,,,,,,,,,,
148574,4952.433333333333,,,,,,,,,,
148575,4952.466666666666,,,,,,,,,,
148576,4952.5,,,,,,,,,,
148577,4952.533333333333,,,,,,,,,,
148578,4952.566666666667,,,,,,,,,,
148579,4952.6,,,,,,,,,,
148580,4952.633333333333,,,,,,,,,,
148581,4952.666666666667,,,,,,,,,,
148582,4952.7,,,,,,,,,,
148583,4952.733333333334,,,,,,,,,,
148584,4952.766666666666,,,,,,,,,,
148585,4952.8,,,,,,,,,,
148586,4952.833333333333,,,,,,,,,,
148587,4952.866666666667,,,,,,,,,,
148588,4952.9,,,,,,,,,,
148589,4952.933333333333,,,,,,,,,,
148590,4952.966666666666,,,,,,,,,,
148591,4953,,,,,,,,,,
148592,4953.033333333333,,,,,,,,,,
148593,4953.066666666667,,,,,,,,,,
148594,4953.1,,,,,,,,,,
148595,4953.133333333333,,,,,,,,,,
148596,4953.166666666667,,,,,,,,,,
148597,4953.2,,,,,,,,,,
148598,4953.233333333334,,,,,,,,,,
148599,4953.266666666666,,,,,,,,,,
148600,4953.3,,,,,,,,,,
148601,4953.333333333333,,,,,,,,,,
148602,4953.366666666667,,,,,,,,,,
148603,4953.4,,,,,,,,,,
148604,4953.433333333333,,,,,,,,,,
148605,4953.466666666666,,,,,,,,,,
148606,4953.5,,,,,,,,,,
148607,4953.533333333333,,,,,,,,,,
148608,4953.566666666667,,,,,,,,,,
148609,4953.6,,,,,,,,,,
148610,4953.633333333333,,,,,,,,,,
148611,4953.666666666667,,,,,,,,,,
148612,4953.7,,,,,,,,,,
148613,4953.733333333334,,,,,,,,,,
148614,4953.766666666666,,,,,,,,,,
148615,4953.8,,,,,,,,,,
148616,4953.833333333333,,,,,,,,,,
148617,4953.866666666667,,,,,,,,,,
148618,4953.9,,,,,,,,,,
148619,4953.933333333333,,,,,,,,,,
148620,4953.966666666666,,,,,,,,,,
148621,4954,,,,,,,,,,
148622,4954.033333333333,,,,,,,,,,
148623,4954.066666666667,,,,,,,,,,
148624,4954.1,,,,,,,,,,
148625,4954.133333333333,,,,,,,,,,
148626,4954.166666666667,,,,,,,,,,
148627,4954.2,,,,,,,,,,
148628,4954.233333333334,,,,,,,,,,
148629,4954.266666666666,,,,,,,,,,
148630,4954.3,,,,,,,,,,
148631,4954.333333333333,,,,,,,,,,
148632,4954.366666666667,,,,,,,,,,
148633,4954.4,,,,,,,,,,
148634,4954.433333333333,,,,,,,,,,
148635,4954.466666666666,,,,,,,,,,
148636,4954.5,,,,,,,,,,
148637,4954.533333333333,,,,,,,,,,
148638,4954.566666666667,,,,,,,,,,
148639,4954.6,,,,,,,,,,
148640,4954.633333333333,,,,,,,,,,
148641,4954.666666666667,,,,,,,,,,
148642,4954.7,,,,,,,,,,
148643,4954.733333333334,,,,,,,,,,
148644,4954.766666666666,,,,,,,,,,
148645,4954.8,,,,,,,,,,
148646,4954.833333333333,,,,,,,,,,
148647,4954.866666666667,,,,,,,,,,
148648,4954.9,,,,,,,,,,
148649,4954.933333333333,,,,,,,,,,
148650,4954.966666666666,,,,,,,,,,
148651,4955,,,,,,,,,,
148652,4955.033333333333,,,,,,,,,,
148653,4955.066666666667,,,,,,,,,,
148654,4955.1,,,,,,,,,,
148655,4955.133333333333,,,,,,,,,,
148656,4955.166666666667,,,,,,,,,,
148657,4955.2,,,,,,,,,,
148658,4955.233333333334,,,,,,,,,,
148659,4955.266666666666,,,,,,,,,,
148660,4955.3,,,,,,,,,,
148661,4955.333333333333,,,,,,,,,,
148662,4955.366666666667,,,,,,,,,,
148663,4955.4,,,,,,,,,,
148664,4955.433333333333,,,,,,,,,,
148665,4955.466666666666,,,,,,,,,,
148666,4955.5,,,,,,,,,,
148667,4955.533333333333,,,,,,,,,,
148668,4955.566666666667,,,,,,,,,,
148669,4955.6,,,,,,,,,,
148670,4955.633333333333,,,,,,,,,,
148671,4955.666666666667,,,,,,,,,,
148672,4955.7,,,,,,,,,,
148673,4955.733333333334,,,,,,,,,,
148674,4955.766666666666,,,,,,,,,,
148675,4955.8,,,,,,,,,,
148676,4955.833333333333,,,,,,,,,,
148677,4955.866666666667,,,,,,,,,,
148678,4955.9,,,,,,,,,,
148679,4955.933333333333,,,,,,,,,,
148680,4955.966666666666,,,,,,,,,,
148681,4956,,,,,,,,,,
148682,4956.033333333333,,,,,,,,,,
148683,4956.066666666667,,,,,,,,,,
148684,4956.1,,,,,,,,,,
148685,4956.133333333333,,,,,,,,,,
148686,4956.166666666667,,,,,,,,,,
148687,4956.2,,,,,,,,,,
148688,4956.233333333334,,,,,,,,,,
148689,4956.266666666666,,,,,,,,,,
148690,4956.3,,,,,,,,,,
148691,4956.333333333333,,,,,,,,,,
148692,4956.366666666667,,,,,,,,,,
148693,4956.4,,,,,,,,,,
148694,4956.433333333333,,,,,,,,,,
148695,4956.466666666666,,,,,,,,,,
148696,4956.5,,,,,,,,,,
148697,4956.533333333333,,,,,,,,,,
148698,4956.566666666667,,,,,,,,,,
148699,4956.6,,,,,,,,,,
148700,4956.633333333333,,,,,,,,,,
148701,4956.666666666667,,,,,,,,,,
148702,4956.7,,,,,,,,,,
148703,4956.733333333334,,,,,,,,,,
148704,4956.766666666666,,,,,,,,,,
148705,4956.8,,,,,,,,,,
148706,4956.833333333333,,,,,,,,,,
148707,4956.866666666667,,,,,,,,,,
148708,4956.9,,,,,,,,,,
148709,4956.933333333333,,,,,,,,,,
148710,4956.966666666666,,,,,,,,,160.45688503851684
148711,4957,,,,,,,,,156.31524603165735
148712,4957.033333333333,,,,,,,,,143.66192877421994
148713,4957.066666666667,,,,,,,,,138.88246239795484
148714,4957.1,,,,,,,,,125.96604891281729
148715,4957.133333333333,,,,,,,,,144.95205817879514
148716,4957.166666666667,,,,,,,,,145.77293457237778
148717,4957.2,,,,,,,,,132.57916501197747
148718,4957.233333333334,,,,,,,,,137.08872185600987
148719,4957.266666666666,,,,,,,,,125.68311263517589
148720,4957.3,,,,,,,,,124.06035922769664
148721,4957.333333333333,,,,,,,,,117.47461098084845
148722,4957.366666666667,,,,,,,,,121.25501018005697
148723,4957.4,,,,,,,,,122.95051036056715
148724,4957.433333333333,,,,,,,,,131.85968418040858
148725,4957.466666666666,,,,,,,,,135.23845317175116
148726,4957.5,,,,,,,,,144.4875947460338
148727,4957.533333333333,,,,,,,,,153.96389601854685
148728,4957.566666666667,,,,,,,,,156.9858639670926
148729,4957.6,,,,,,,,,166.19174370693432
148730,4957.633333333333,,,,,,,,,177.83195291489815
148731,4957.666666666667,,,,,,,,,-177.5508474993291
148732,4957.7,,,,,,,,,-160.07883954734882
148733,4957.733333333334,,,,,,,,,-154.22325913777667
148734,4957.766666666666,,,,,,,,,-152.9792483968906
148735,4957.8,,,,,,,,,-147.23092411607146
148736,4957.833333333333,,,,,,,,,-147.2036101698342
148737,4957.866666666667,,,,,,,,,-145.7290493807424
148738,4957.9,,,,,,,,,-150.3737045871823
148739,4957.933333333333,,,,,,,,,-146.95487353342455
148740,4957.966666666666,,,,,,,,,-152.564997507515
148741,4958,,,,,,,,,-146.30856987397016
148742,4958.033333333333,,,,,,,,,-138.9485397312265
148743,4958.066666666667,,,,,,,,,-135.85579404340479
148744,4958.1,,,,,,,,,-131.89549242528352
148745,4958.133333333333,,,,,,,,,-131.11555405842037
148746,4958.166666666667,,,,,,,,,-128.14997560457797
148747,4958.2,,,,,,,,,-130.46674241359776
148748,4958.233333333334,,,,,,,,,-129.42051598957534
148749,4958.266666666666,,,,,,,,,-127.64402548625087
148750,4958.3,,,,,,,,,-126.71152683171655
148751,4958.333333333333,,,,,,,,,-126.14279669736074
148752,4958.366666666667,,,,,,,,,-125.57431574755203
148753,4958.4,,,,,,,,,-125.16826011072669
148754,4958.433333333333,,,,,,,,,-124.69448427798396
148755,4958.466666666666,,,,,,,,,-124.2826582650561
148756,4958.5,,,,,,,,,-124.06299406194307
148757,4958.533333333333,,,,,,,,,-123.87874813780014
148758,4958.566666666667,,,,,,,,,-123.76307464826571
148759,4958.6,,,,,,,,,-126.5901856490447
148760,4958.633333333333,,,,,,,,,-126.45728736288386
148761,4958.666666666667,,,,,,,,,-125.89368452291836
148762,4958.7,,,,,,,,,-130.7421384913585
148763,4958.733333333334,,,,,,,,,-126.38920778591893
148764,4958.766666666666,,,,,,,,,-125.86962658183772
148765,4958.8,,,,,,,,,-121.59589237800513
148766,4958.833333333333,,,,,,,,,-124.63037965625098
148767,4958.866666666667,,,,,,,,,-124.5727896646202
148768,4958.9,,,,,,,,,-122.06896771257674
148769,4958.933333333333,,,,,,,,,-121.25498261876221
148770,4958.966666666666,,,,,,,,,-121.23746957931961
148771,4959,,,,,,,,,-121.47480220474459
148772,4959.033333333333,,,,,,,,,-121.46877398693582
148773,4959.066666666667,,,,,,,,,-106.50910550014018
148774,4959.1,,,,,,,,,-106.64898815405432
148775,4959.133333333333,,,,,,,,,-118.25177640254755
148776,4959.166666666667,,,,,,,,,-109.02366157656522
148777,4959.2,,,,,,,,,-85.19994925821125
148778,4959.233333333334,,,,,,,,,-89.34871931102452
148779,4959.266666666666,,,,,,,,,-72.20614719561149
148780,4959.3,,,,,,,,,-60.49333840002483
148781,4959.333333333333,,,,,,,,,-23.23395970959382
148782,4959.366666666667,,,,,,,,,-25.075281463288896
148783,4959.4,,,,,,,,,-23.856213438423843
148784,4959.433333333333,,,,,,,,,-22.49541954280509
148785,4959.466666666666,,,,,,,,,-33.62804478377497
148786,4959.5,,,,,,,,,-23.754947153703704
148787,4959.533333333333,,,,,,,,,-16.04240938435079
148788,4959.566666666667,,,,,,,,,-20.944128184684846
148789,4959.6,,,,,,,,,-29.021650586709622
148790,4959.633333333333,,,,,,,,,-14.804716152635793
148791,4959.666666666667,,,,,,,,,-20.943534626629035
148792,4959.7,,,,,,,,,-20.53515650458086
148793,4959.733333333334,,,,,,,,,-16.58055945754242
148794,4959.766666666666,,,,,,,,,-16.818444887692106
148795,4959.8,,,,,,,,,-3.024613781240908
148796,4959.833333333333,,,,,,,,,6.271206462955021
148797,4959.866666666667,,,,,,,,,14.44953480550263
148798,4959.9,,,,,,,,,18.62970133674421
148799,4959.933333333333,,,,,,,,,17.35169295312568
148800,4959.966666666666,,,,,,,,,25.465475230455258
148801,4960,,,,,,,,,22.547622163020787
148802,4960.033333333333,,,,,,,,,24.974238022012912
148803,4960.066666666667,,,,,,,,,20.432750469870523
148804,4960.1,,,,,,,,,19.92861017435316
148805,4960.133333333333,,,,,,,,,20.77624527339483
148806,4960.166666666667,,,,,,,,,23.014370851432954
148807,4960.2,,,,,,,,,23.905724652866912
148808,4960.233333333334,,,,,,,,,30.11525346066683
148809,4960.266666666666,,,,,,,,,28.122525645114177
148810,4960.3,,,,,,,,,28.086073947868897
148811,4960.333333333333,,,,,,,,,32.16016366573488
148812,4960.366666666667,,,,,,,,,32.08363188228859
148813,4960.4,,,,,,,,,32.08130591898133
148814,4960.433333333333,,,,,,,,,32.615031429628964
148815,4960.466666666666,,,,,,,,,33.14251249399292
148816,4960.5,,,,,,,,,29.849761342456063
148817,4960.533333333333,,,,,,,,,27.7984547338141
148818,4960.566666666667,,,,,,,,,25.7590334629776
148819,4960.6,,,,,,,,,25.544130669499033
148820,4960.633333333333,,,,,,,,,59.399130065491484
148821,4960.666666666667,,,,,,,,,55.52891355427038
148822,4960.7,,,,,,,,,57.54210157313675
148823,4960.733333333334,,,,,,,,,52.89259785121873
148824,4960.766666666666,,,,,,,,,54.72409825570346
148825,4960.8,,,,,,,,,59.63115415426568
148826,4960.833333333333,,,,,,,,,56.210616528328195
148827,4960.866666666667,,,,,,,,,35.85003366224091
148828,4960.9,,,,,,,,,27.383986934678333
148829,4960.933333333333,,,,,,,,,28.76548446271824
148830,4960.966666666666,,,,,,,,,21.328823430070386
148831,4961,,,,,,,,,29.6754555126297
148832,4961.033333333333,,,,,,,,,11.777123348957359
148833,4961.066666666667,,,,,,,,,9.865312573516215
148834,4961.1,,,,,,,,,8.790676319429808
148835,4961.133333333333,,,,,,,,,14.258891643367088
148836,4961.166666666667,,,,,,,,,12.664210910421648
148837,4961.2,,,,,,,,,10.086791784113267
148838,4961.233333333334,,,,,,,,,10.516785959828749
148839,4961.266666666666,,,,,,,,,7.999716359062249
148840,4961.3,,,,,,,,,14.592705811655552
148841,4961.333333333333,,,,,,,,,20.540085300581367
148842,4961.366666666667,,,,,,,,,15.975409568397426
148843,4961.4,,,,,,,,,16.917138522484045
148844,4961.433333333333,,,,,,,,,16.752609055022926
148845,4961.466666666666,,,,,,,,,15.937743341210641
148846,4961.5,,,,,,,,,15.785673081778691
148847,4961.533333333333,,,,,,,,,8.35946631378547
148848,4961.566666666667,,,,,,,,,11.375345505309207
148849,4961.6,,,,,,,,,12.182484261372188
148850,4961.633333333333,,,,,,,,,7.727792839068067
148851,4961.666666666667,,,,,,,,,6.751359154231151
148852,4961.7,,,,,,,,,7.839644111172888
148853,4961.733333333334,,,,,,,,,4.776722162251675
148854,4961.766666666666,,,,,,,,,-2.6632001116117543
148855,4961.8,,,,,,,,,2.5099634781096363
148856,4961.833333333333,,,,,,,,,4.633473847891924
148857,4961.866666666667,,,,,,,,,4.2247463508032315
148858,4961.9,,,,,,,,,1.3182041541860325
148859,4961.933333333333,,,,,,,,,-1.9132821635574526
148860,4961.966666666666,,,,,,,,,-3.8657153786164558
148861,4962,,,,,,,,,-1.0739186940088956
148862,4962.033333333333,,,,,,,,,-0.2885352423793384
148863,4962.066666666667,,,,,,,,,-1.7741107942593597
148864,4962.1,,,,,,,,,-6.64511125586273
148865,4962.133333333333,,,,,,,,,-8.475109816247873
148866,4962.166666666667,,,,,,,,,-32.481127005851256
148867,4962.2,,,,,,,,,-38.741154573522536
148868,4962.233333333334,,,,,,,,,-42.52278681792675
148869,4962.266666666666,,,,,,,,,-43.00840472003402
148870,4962.3,,,,,,,,,-45.420977418240525
148871,4962.333333333333,,,,,,,,,-50.694877257924674
148872,4962.366666666667,,,,,,,,,-50.83167196934338
148873,4962.4,,,,,,,,,-40.69992000819435
148874,4962.433333333333,,,,,,,,,-35.143123361061534
148875,4962.466666666666,,,,,,,,,-26.445112964112145
148876,4962.5,,,,,,,,,-27.44335670326817
148877,4962.533333333333,,,,,,,,,-16.8004989541398
148878,4962.566666666667,,,,,,,,,-20.529723712541205
148879,4962.6,,,,,,,,,-20.097237364053676
148880,4962.633333333333,,,,,,,,,-13.90873420714587
148881,4962.666666666667,,,,,,,,,-10.962293057437
148882,4962.7,,,,,,,,,-4.116777422300342
148883,4962.733333333334,,,,,,,,,2.9452044262218613
148884,4962.766666666666,,,,,,,,,5.205058194003098
148885,4962.8,,,,,,,,,6.937817356929672
148886,4962.833333333333,,,,,,,,,9.445161262423236
148887,4962.866666666667,,,,,,,,,16.151259130041655
148888,4962.9,,,,,,,,,19.724970511964724
148889,4962.933333333333,,,,,,,,,26.126153892498817
148890,4962.966666666666,,,,,,,,,26.807618943380376
148891,4963,,,,,,,,,27.41325314691168
148892,4963.033333333333,,,,,,,,,22.210287952090205
148893,4963.066666666667,,,,,,,,,22.17912471432378
148894,4963.1,,,,,,,,,22.05717322935059
148895,4963.133333333333,,,,,,,,,19.704874509178765
148896,4963.166666666667,,,,,,,,,20.535166250511935
148897,4963.2,,,,,,,,,19.68715787985428
148898,4963.233333333334,,,,,,,,,18.33125689157459
148899,4963.266666666666,,,,,,,,,15.526588735651316
148900,4963.3,,,,,,,,,11.200351949913191
148901,4963.333333333333,,,,,,,,,7.755141215042486
148902,4963.366666666667,,,,,,,,,1.1882782986730036
148903,4963.4,,,,,,,,,-2.7397894341645843
148904,4963.433333333333,,,,,,,,,-6.664688986205544
148905,4963.466666666666,,,,,,,,,-7.987355392053382
148906,4963.5,,,,,,,,,-12.357724595719318
148907,4963.533333333333,,,,,,,,,-10.197859939193911
148908,4963.566666666667,,,,,,,,,-11.603469530582935
148909,4963.6,,,,,,,,,-13.040957830531243
148910,4963.633333333333,,,,,,,,,-7.6995471151088815
148911,4963.666666666667,,,,,,,,,-13.093952559474088
148912,4963.7,,,,,,,,,-12.18636074598573
148913,4963.733333333334,,,,,,,,,-14.367278065273542
148914,4963.766666666666,,,,,,,,,-14.679688534887116
148915,4963.8,,,,,,,,,-16.828539281713255
148916,4963.833333333333,,,,,,,,,-19.255579825569356
148917,4963.866666666667,,,,,,,,,-15.807082069777236
148918,4963.9,,,,,,,,,-16.976836720431397
148919,4963.933333333333,,,,,,,,,,22.61952848010453
148920,4963.966666666666,,,,,,,,,,41.468649978443906
148921,4964,,,,,,,,,,49.88422432058904
148922,4964.033333333333,,,,,,,,,,52.755489689351236
148923,4964.066666666667,,,,,,,,,,61.885610049975746
148924,4964.1,,,,,,,,,,68.97837430727193
148925,4964.133333333333,,,,,,,,,,79.41061369719029
148926,4964.166666666667,,,,,,,,,,94.65404515034183
148927,4964.2,,,,,,,,,,96.92924944349463
148928,4964.233333333334,,,,,,,,,,96.46709057935085
148929,4964.266666666666,,,,,,,,,,92.33116320474036
148930,4964.3,,,,,,,,,,84.66108478464133
148931,4964.333333333333,,,,,,,,,,77.49150678813666
148932,4964.366666666667,,,,,,,,,,74.07446927999455
148933,4964.4,,,,,,,,,,70.46389302210818
148934,4964.433333333333,,,,,,,,,,69.28154664408925
148935,4964.466666666666,,,,,,,,,,57.17241817028825
148936,4964.5,,,,,,,,,,55.268829006861694
148937,4964.533333333333,,,,,,,,,,58.350467329203674
148938,4964.566666666667,,,,,,,,,,63.16495888975278
148939,4964.6,,,,,,,,,,66.50714488003837
148940,4964.633333333333,,,,,,,,,,105.23982926878674
148941,4964.666666666667,,,,,,,,,,123.44913460044715
148942,4964.7,,,,,,,,,,136.88042703424802
148943,4964.733333333334,,,,,,,,,,166.26346562989355
148944,4964.766666666666,,,,,,,,,,170.75551345038028
148945,4964.8,,,,,,,,,,164.67419121247224
148946,4964.833333333333,,,,,,,,,,165.05707035680223
148947,4964.866666666667,,,,,,,,,,166.82889613787432
148948,4964.9,,,,,,,,,,162.5139304537028
148949,4964.933333333333,,,,,,,,,,160.77859706068693
148950,4964.966666666666,,,,,,,,,,156.41387174598609
148951,4965,,,,,,,,,,141.38858191740806
148952,4965.033333333333,,,,,,,,,,135.05354127627405
148953,4965.066666666667,,,,,,,,,,134.76164107782807
148954,4965.1,,,,,,,,,,136.50869369842434
148955,4965.133333333333,,,,,,,,,,126.050000148098
148956,4965.166666666667,,,,,,,,,,119.67297241901068
148957,4965.2,,,,,,,,,,115.70329497614934
148958,4965.233333333334,,,,,,,,,,114.76574203550062
148959,4965.266666666666,,,,,,,,,,106.84746710096877
148960,4965.3,,,,,,,,,,102.47529526007602
148961,4965.333333333333,,,,,,,,,,101.42133444064
148962,4965.366666666667,,,,,,,,,,91.64742653607163
148963,4965.4,,,,,,,,,,89.98423148473414
148964,4965.433333333333,,,,,,,,,,83.8473795566035
148965,4965.466666666666,,,,,,,,,,78.99493401805242
148966,4965.5,,,,,,,,,,72.26199378694973
148967,4965.533333333333,,,,,,,,,,60.59960859090669
148968,4965.566666666667,,,,,,,,,,60.24574598811811
148969,4965.6,,,,,,,,,,34.51938539261229
148970,4965.633333333333,,,,,,,,,,28.669819065843676
148971,4965.666666666667,,,,,,,,,,18.61954260382744
148972,4965.7,,,,,,,,,,11.029850943950791
148973,4965.733333333334,,,,,,,,,,-3.392131833292337
148974,4965.766666666666,,,,,,,,,,1.1615589842769019
148975,4965.8,,,,,,,,,,5.657069548224957
148976,4965.833333333333,,,,,,,,,,3.6407356017716315
148977,4965.866666666667,,,,,,,,,,1.233375662621038
148978,4965.9,,,,,,,,,,-5.868521972810206
148979,4965.933333333333,,,,,,,,,,-8.570980416751354
148980,4965.966666666666,,,,,,,,,,-16.340011295093497
148981,4966,,,,,,,,,,-23.965377214832117
148982,4966.033333333333,,,,,,,,,,-20.30659889239119
148983,4966.066666666667,,,,,,,,,,-22.977434149469822
148984,4966.1,,,,,,,,,,-20.285790087590218
148985,4966.133333333333,,,,,,,,,,-16.46208442553692
148986,4966.166666666667,,,,,,,,,,-15.427725111188886
148987,4966.2,,,,,,,,,,-11.996225861721095
148988,4966.233333333334,,,,,,,,,,-13.040187804642796
148989,4966.266666666666,,,,,,,,,,-14.039171790109938
148990,4966.3,,,,,,,,,,-14.615612577003233
148991,4966.333333333333,,,,,,,,,,-20.51233525098862
148992,4966.366666666667,,,,,,,,,,-26.9225018284837
148993,4966.4,,,,,,,,,,-42.49479320966906
148994,4966.433333333333,,,,,,,,,,-53.434454366739885
148995,4966.466666666666,,,,,,,,,,-66.22001943953066
148996,4966.5,,,,,,,,,,-79.19202198526949
148997,4966.533333333333,,,,,,,,,,-85.2687828010728
148998,4966.566666666667,,,,,,,,,,-86.93748684515619
148999,4966.6,,,,,,,,,,-91.5821798296234
149000,4966.633333333333,,,,,,,,,,-99.50069864561341
149001,4966.666666666667,,,,,,,,,,-105.93395083731511
149002,4966.7,,,,,,,,,,-114.07158439980675
149003,4966.733333333334,,,,,,,,,,-110.16163691106176
149004,4966.766666666666,,,,,,,,,,-108.75009680947026
149005,4966.8,,,,,,,,,,-109.83261540461172
149006,4966.833333333333,,,,,,,,,,-110.37011559732532
149007,4966.866666666667,,,,,,,,,,-110.77506267630517
149008,4966.9,,,,,,,,,,-107.02043003507245
149009,4966.933333333333,,,,,,,,,,-106.54770333874377
149010,4966.966666666666,,,,,,,,,,-98.86502886169461
149011,4967,,,,,,,,,,-91.16491301310046
149012,4967.033333333333,,,,,,,,,,-73.3654735453449
149013,4967.066666666667,,,,,,,,,,-75.46864184605907
149014,4967.1,,,,,,,,,,-66.93207219259882
149015,4967.133333333333,,,,,,,,,,-55.9338561361079
149016,4967.166666666667,,,,,,,,,,-45.76647145994962
149017,4967.2,,,,,,,,,,-44.64187413250854
149018,4967.233333333334,,,,,,,,,,-44.852274410460694
149019,4967.266666666666,,,,,,,,,,-49.48695313416871
149020,4967.3,,,,,,,,,,-52.99376707677029
149021,4967.333333333333,,,,,,,,,,-54.736536699363555
149022,4967.366666666667,,,,,,,,,,-55.95452981220499
149023,4967.4,,,,,,,,,,-56.16358446967556
149024,4967.433333333333,,,,,,,,,,-51.539524036581085
149025,4967.466666666666,,,,,,,,,,-50.73766792958696
149026,4967.5,,,,,,,,,,-48.28236219217411
149027,4967.533333333333,,,,,,,,,,-52.343096643810945
149028,4967.566666666667,,,,,,,,,,-55.718245636198354
149029,4967.6,,,,,,,,,,-68.64098942623116
149030,4967.633333333333,,,,,,,,,,-80.15814033415957
149031,4967.666666666667,,,,,,,,,,-84.62768282272985
149032,4967.7,,,,,,,,,,-90.27211340496797
149033,4967.733333333334,,,,,,,,,,-98.19461251879049
149034,4967.766666666666,,,,,,,,,,-101.06612614329347
149035,4967.8,,,,,,,,,,-110.22675174792961
149036,4967.833333333333,,,,,,,,,,-112.80395800777382
149037,4967.866666666667,,,,,,,,,,-125.54651411095374
149038,4967.9,,,,,,,,,,-130.00642037155012
149039,4967.933333333333,,,,,,,,,,-142.03777056367838
149040,4967.966666666666,,,,,,,,,,179.66150970076686
149041,4968,,,,,,,,,,173.87561982808535
149042,4968.033333333333,,,,,,,,,,168.675866130646
149043,4968.066666666667,,,,,,,,,,157.86731626051366
149044,4968.1,,,,,,,,,,152.9829780012881
149045,4968.133333333333,,,,,,,,,,149.5149243216307
149046,4968.166666666667,,,,,,,,,,128.63656894876505
149047,4968.2,,,,,,,,,,125.81099579281607
149048,4968.233333333334,,,,,,,,,,124.87432340098923
149049,4968.266666666666,,,,,,,,,,122.15490212839843
149050,4968.3,,,,,,,,,,114.84275429542032
149051,4968.333333333333,,,,,,,,,,116.07512763136205
149052,4968.366666666667,,,,,,,,,,116.45880821007087
149053,4968.4,,,,,,,,,,110.81015731956946
149054,4968.433333333333,,,,,,,,,,111.34851788081431
149055,4968.466666666666,,,,,,,,,,109.95542975420278
149056,4968.5,,,,,,,,,,111.94424349227936
149057,4968.533333333333,,,,,,,,,,98.36301777556677
149058,4968.566666666667,,,,,,,,,,97.93528145584749
149059,4968.6,,,,,,,,,,95.76512788201082
149060,4968.633333333333,,,,,,,,,,96.5420685188434
149061,4968.666666666667,,,,,,,,,,87.29770543685608
149062,4968.7,,,,,,,,,,88.97640222670904
149063,4968.733333333334,,,,,,,,,,82.68788582548905
149064,4968.766666666666,,,,,,,,,,87.90296668384596
149065,4968.8,,,,,,,,,,89.56082687077291
149066,4968.833333333333,,,,,,,,,,90.68489022046991
149067,4968.866666666667,,,,,,,,,,86.6854814935973
149068,4968.9,,,,,,,,,,88.39781654013302
149069,4968.933333333333,,,,,,,,,,87.81627895862519
149070,4968.966666666666,,,,,,,,,,84.88174664772124
149071,4969,,,,,,,,,,-171.14569699881326
149072,4969.033333333333,,,,,,,,,,-163.20511684651208
149073,4969.066666666667,,,,,,,,,,-161.87650869237973
149074,4969.1,,,,,,,,,,-148.30498619018053
149075,4969.133333333333,,,,,,,,,,-139.29002778366274
149076,4969.166666666667,,,,,,,,,,-133.9438834218826
149077,4969.2,,,,,,,,,,-130.28475484737896
149078,4969.233333333334,,,,,,,,,,-125.84616190975726
149079,4969.266666666666,,,,,,,,,,-119.48208271592856
149080,4969.3,,,,,,,,,,-110.87600849729618
149081,4969.333333333333,,,,,,,,,,-106.00301170967366
149082,4969.366666666667,,,,,,,,,,-105.59979298598878
149083,4969.4,,,,,,,,,,-98.41665147952
149084,4969.433333333333,,,,,,,,,,-97.66383945009127
149085,4969.466666666666,,,,,,,,,,-90.4701592582699
149086,4969.5,,,,,,,,,,-87.9252501099447
149087,4969.533333333333,,,,,,,,,,-80.10869564979669
149088,4969.566666666667,,,,,,,,,,-79.35150057807446
149089,4969.6,,,,,,,,,,-78.43600141935977
149090,4969.633333333333,,,,,,,,,,-71.72947649747049
149091,4969.666666666667,,,,,,,,,,-61.40701768171969
149092,4969.7,,,,,,,,,,-62.34109431249057
149093,4969.733333333334,,,,,,,,,,-63.23986564515111
149094,4969.766666666666,,,,,,,,,,-62.0340258882017
149095,4969.8,,,,,,,,,,-56.825907896293536
149096,4969.833333333333,,,,,,,,,,-50.01087419078004
149097,4969.866666666667,,,,,,,,,,-47.210336632972535
149098,4969.9,,,,,,,,,,-37.04336486787339
149099,4969.933333333333,,,,,,,,,,-40.182443939028325
149100,4969.966666666666,,,,,,,,,,-40.79066803108022
149101,4970,,,,,,,,,,-40.43720582015257
149102,4970.033333333333,,,,,,,,,,-46.48909270763797
149103,4970.066666666667,,,,,,,,,,-39.693616441332075
149104,4970.1,,,,,,,,,,-44.584940168847616
149105,4970.133333333333,,,,,,,,,,-45.94010984132727
149106,4970.166666666667,,,,,,,,,,-42.3245341806648
149107,4970.2,,,,,,,,,,-36.312575257955984
149108,4970.233333333334,,,,,,,,,,-32.455283834366014
149109,4970.266666666666,,,,,,,,,,-33.04423526431224
149110,4970.3,,,,,,,,,,-27.78239097736948
149111,4970.333333333333,,,,,,,,,,-28.922498354043586
149112,4970.366666666667,,,,,,,,,,-23.912627266145858
149113,4970.4,,,,,,,,,,-17.54572643560498
149114,4970.433333333333,,,,,,,,,,-17.685043051045348
149115,4970.466666666666,,,,,,,,,,-15.544237531864976
149116,4970.5,,,,,,,,,,-22.967739898419904
149117,4970.533333333333,,,,,,,,,,-21.407514212072112
149118,4970.566666666667,,,,,,,,,,-23.28599086025934
149119,4970.6,,,,,,,,,,-21.000841142530188
149120,4970.633333333333,,,,,,,,,,-18.147977260054134
149121,4970.666666666667,,,,,,,,,,-24.298768330519785
149122,4970.7,,,,,,,,,,-25.499398045736367
149123,4970.733333333334,,,,,,,,,,-27.553808450016223
149124,4970.766666666666,,,,,,,,,,-32.039435056362144
149125,4970.8,,,,,,,,,,-25.774188695488427
149126,4970.833333333333,,,,,,,,,,-29.245665617294648
149127,4970.866666666667,,,,,,,,,,-29.014206225633366
149128,4970.9,,,,,,,,,,-32.022163040641296
149129,4970.933333333333,,,,,,,,,,-28.313455362565136
149130,4970.966666666666,,,,,,,,,,-23.436354739864715
149131,4971,,,,,,,,,,-22.83313864534222
149132,4971.033333333333,,,,,,,,,,-16.95805995790829
149133,4971.066666666667,,,,,,,,,,-16.785354317960042
149134,4971.1,,,,,,,,,,-21.493917119696803
149135,4971.133333333333,,,,,,,,,,-18.41433726809518
149136,4971.166666666667,,,,,,,,,,-15.94734660400697
149137,4971.2,,,,,,,,,,-15.352676747582468
149138,4971.233333333334,,,,,,,,,,-17.003320750640725
149139,4971.266666666666,,,,,,,,,,-15.238090028989065
149140,4971.3,,,,,,,,,,-19.05389445347273
149141,4971.333333333333,,,,,,,,,,-14.513152428668898
149142,4971.366666666667,,,,,,,,,,-12.210587684619238
149143,4971.4,,,,,,,,,,-12.849876534396717
149144,4971.433333333333,,,,,,,,,,-14.303911583284897
149145,4971.466666666666,,,,,,,,,,-14.050876401341888
149146,4971.5,,,,,,,,,,-12.29813072263782
149147,4971.533333333333,,,,,,,,,,-12.64089108931822
149148,4971.566666666667,,,,,,,,,,-12.555355835827072
149149,4971.6,,,,,,,,,,-12.466302024018908
149150,4971.633333333333,,,,,,,,,,-11.335707096444
149151,4971.666666666667,,,,,,,,,,-22.68239212558319
149152,4971.7,,,,,,,,,,-23.569973934893977
149153,4971.733333333334,,,,,,,,,,-30.721030316591833
149154,4971.766666666666,,,,,,,,,,-27.744761667103397
149155,4971.8,,,,,,,,,,-28.844655942173308
149156,4971.833333333333,,,,,,,,,,-26.77227157694663
149157,4971.866666666667,,,,,,,,,,-16.33313933591923
149158,4971.9,,,,,,,,,,-20.956823877568162
149159,4971.933333333333,,,,,,,,,,-33.53379422353887
149160,4971.966666666666,,,,,,,,,,-36.294625044643716
149161,4972,,,,,,,,,,-48.129416907736974
149162,4972.033333333333,,,,,,,,,,-45.22290204000334
149163,4972.066666666667,,,,,,,,,,-40.37945023475053
149164,4972.1,,,,,,,,,,-42.69560365681903
149165,4972.133333333333,,,,,,,,,,-43.99568596096595
149166,4972.166666666667,,,,,,,,,,-43.382231365299845
149167,4972.2,,,,,,,,,,-44.783953880343596
149168,4972.233333333334,,,,,,,,,,-44.79920269144731
149169,4972.266666666666,,,,,,,,,,-31.164651600311675
149170,4972.3,,,,,,,,,,-41.552965426517936
149171,4972.333333333333,,,,,,,,,,-43.24969489638436
149172,4972.366666666667,,,,,,,,,,-49.17227247990516
149173,4972.4,,,,,,,,,,-46.97646578429136
149174,4972.433333333333,,,,,,,,,,-51.10151222431654
149175,4972.466666666666,,,,,,,,,,-46.32685171573348
149176,4972.5,,,,,,,,,,-51.30750916779463
149177,4972.533333333333,,,,,,,,,,-59.01829671812638
149178,4972.566666666667,,,,,,,,,,-60.098557228315485
149179,4972.6,,,,,,,,,,-64.9402599746376
149180,4972.633333333333,,,,,,,,,,-70.40960511480256
149181,4972.666666666667,,,,,,,,,,-69.29730393567861
149182,4972.7,,,,,,,,,,-80.94690105965088
149183,4972.733333333334,,,,,,,,,,-79.28555494840172
149184,4972.766666666666,,,,,,,,,,-85.79304279225578
149185,4972.8,,,,,,,,,,-75.22623978091079
149186,4972.833333333333,,,,,,,,,,-70.99969795948651
149187,4972.866666666667,,,,,,,,,,-75.96895243304769
149188,4972.9,,,,,,,,,,-76.71290001771355
149189,4972.933333333333,,,,,,,,,,-68.82509903417946
149190,4972.966666666666,,,,,,,,,,-77.06244284411719
149191,4973,,,,,,,,,,-69.30429569851331
149192,4973.033333333333,,,,,,,,,,-74.74246737017903
149193,4973.066666666667,,,,,,,,,,-69.36931792231388
149194,4973.1,,,,,,,,,,-77.60695066999105
149195,4973.133333333333,,,,,,,,,,-69.61140340710905
149196,4973.166666666667,,,,,,,,,,-71.20663151187833
149197,4973.2,,,,,,,,,,-63.93483380064474
149198,4973.233333333334,,,,,,,,,,-65.11571306285067
149199,4973.266666666666,,,,,,,,,,-68.62255668259084
149200,4973.3,,,,,,,,,,-78.29111486640657
149201,4973.333333333333,,,,,,,,,,-64.317060410982
149202,4973.366666666667,,,,,,,,,,-64.95548918919339
149203,4973.4,,,,,,,,,,-56.07665751269888
149204,4973.433333333333,,,,,,,,,,-67.6298566498958
149205,4973.466666666666,,,,,,,,,,-67.90921152212054
149206,4973.5,,,,,,,,,,-75.1416386970136
149207,4973.533333333333,,,,,,,,,,-65.85607857840736
149208,4973.566666666667,,,,,,,,,,-69.31808828214837
149209,4973.6,,,,,,,,,,-60.49550377090095
149210,4973.633333333333,,,,,,,,,,-56.99485307772416
149211,4973.666666666667,,,,,,,,,,-48.42734749974484
149212,4973.7,,,,,,,,,,-71.14892908705384
149213,4973.733333333334,,,,,,,,,,-71.26626607837585
149214,4973.766666666666,,,,,,,,,,-71.5420959956256
149215,4973.8,,,,,,,,,,-72.81602564346647
149216,4973.833333333333,,,,,,,,,,-40.27765996224643
149217,4973.866666666667,,,,,,,,,,-40.26108524745864
149218,4973.9,,,,,,,,,,-42.623887125399605
149219,4973.933333333333,,,,,,,,,,-32.545177652658325
149220,4973.966666666666,,,,,,,,,,-32.112535053425624
149221,4974,,,,,,,,,,-30.016157751672843
149222,4974.033333333333,,,,,,,,,,-29.406095431969717
149223,4974.066666666667,,,,,,,,,,-20.76251517575218
149224,4974.1,,,,,,,,,,-18.887890870415216
149225,4974.133333333333,,,,,,,,,,-20.80463245774605
149226,4974.166666666667,,,,,,,,,,-13.020421210984132
149227,4974.2,,,,,,,,,,-14.435700178662126
149228,4974.233333333334,,,,,,,,,,-12.914129736242344
149229,4974.266666666666,,,,,,,,,,-53.65896880533959
149230,4974.3,,,,,,,,,,-53.2301894654287
149231,4974.333333333333,,,,,,,,,,-41.084702438603465
149232,4974.366666666667,,,,,,,,,,-54.73023936057974
149233,4974.4,,,,,,,,,,-36.39592483127407
149234,4974.433333333333,,,,,,,,,,-31.736699404846156
149235,4974.466666666666,,,,,,,,,,-42.269080084218665
149236,4974.5,,,,,,,,,,-45.57545798029208
149237,4974.533333333333,,,,,,,,,,-43.90056761030836
149238,4974.566666666667,,,,,,,,,,-73.59685803198488
149239,4974.6,,,,,,,,,,-71.46719999052685
149240,4974.633333333333,,,,,,,,,,-68.18701943717723
149241,4974.666666666667,,,,,,,,,,-56.34412058307663
149242,4974.7,,,,,,,,,,-42.25273670404367
149243,4974.733333333334,,,,,,,,,,-28.87337019733668
149244,4974.766666666666,,,,,,,,,,-28.846307662940905
149245,4974.8,,,,,,,,,,-25.77701467847927
149246,4974.833333333333,,,,,,,,,,-26.467392327756453
149247,4974.866666666667,,,,,,,,,,-26.0946153187609
149248,4974.9,,,,,,,,,,-54.49087813868787
149249,4974.933333333333,,,,,,,,,,-66.16498156923953
149250,4974.966666666666,,,,,,,,,,-33.76669395377552
149251,4975,,,,,,,,,,-43.06063680999394
149252,4975.033333333333,,,,,,,,,,-65.68604218294435
149253,4975.066666666667,,,,,,,,,,-74.99475421617045
149254,4975.1,,,,,,,,,,-63.74294026313071
149255,4975.133333333333,,,,,,,,,,-54.003739756518506
149256,4975.166666666667,,,,,,,,,,-68.07758753507262
149257,4975.2,,,,,,,,,,-71.98544063343942
149258,4975.233333333334,,,,,,,,,,-83.51305954076405
149259,4975.266666666666,,,,,,,,,,-41.92277966964322
149260,4975.3,,,,,,,,,,-41.156279968473484
149261,4975.333333333333,,,,,,,,,,-25.153486945109513
149262,4975.366666666667,,,,,,,,,,-10.944507003268313
149263,4975.4,,,,,,,,,,76.3496606049574
149264,4975.433333333333,,,,,,,,,,71.5235729538002
149265,4975.466666666666,,,,,,,,,,57.49180099823824
149266,4975.5,,,,,,,,,,57.83093134740187
149267,4975.533333333333,,,,,,,,,,59.56729157861075
149268,4975.566666666667,,,,,,,,,,69.26670911113379
149269,4975.6,,,,,,,,,,57.88719645925692
149270,4975.633333333333,,,,,,,,,,5.416238798149087
149271,4975.666666666667,,,,,,,,,,10.225847996785584
149272,4975.7,,,,,,,,,,-7.099549811738058
149273,4975.733333333334,,,,,,,,,,-57.69053868603801
149274,4975.766666666666,,,,,,,,,,-87.28762186458373
149275,4975.8,,,,,,,,,,-93.66130648493387
149276,4975.833333333333,,,,,,,,,,-110.6834352010792
149277,4975.866666666667,,,,,,,,,,-114.57827678987367
149278,4975.9,,,,,,,,,,-125.62798674147918
149279,4975.933333333333,,,,,,,,,,-131.5252004038518
149280,4975.966666666666,,,,,,,,,,-136.34299941313049
149281,4976,,,,,,,,,,-144.5244505010075
149282,4976.033333333333,,,,,,,,,,-146.2699449100266
149283,4976.066666666667,,,,,,,,,,-149.46995438233787
149284,4976.1,,,,,,,,,,-155.93161024601125
149285,4976.133333333333,,,,,,,,,,-142.00353782477282
149286,4976.166666666667,,,,,,,,,,-141.27432156540252
149287,4976.2,,,,,,,,,,-145.41054065322976
149288,4976.233333333334,,,,,,,,,,-137.12987589452968
149289,4976.266666666666,,,,,,,,,,-147.34935668056818
149290,4976.3,,,,,,,,,,-148.50974004256133
149291,4976.333333333333,,,,,,,,,,-135.40666355058588
149292,4976.366666666667,,,,,,,,,,-162.86236771622703
149293,4976.4,,,,,,,,,,-122.85585123009129
149294,4976.433333333333,,,,,,,,,,-124.2462751150299
149295,4976.466666666666,,,,,,,,,,-134.78834973076388
149296,4976.5,,,,,,,,,,-146.25380566582683
149297,4976.533333333333,,,,,,,,,,-128.49754802838038
149298,4976.566666666667,,,,,,,,,,-129.48985434584108
149299,4976.6,,,,,,,,,,-127.30606854266969
149300,4976.633333333333,,,,,,,,,,-118.69209661489852
149301,4976.666666666667,,,,,,,,,,-108.45695893104444
149302,4976.7,,,,,,,,,,-106.38403654022696
149303,4976.733333333334,,,,,,,,,,-107.60946959050663
149304,4976.766666666666,,,,,,,,,,-107.51943002881515
149305,4976.8,,,,,,,,,,-107.64961888559766
