"Worm Data","Position (um) of Centroid"
"Sequence","capture-0001.avi"

,,"Track"
"Frame","Time","1 x","1 y","2 x","2 y","3 x","3 y"
90816,3027.1666666666665,423.5954377066231,1277.4858097806755
90817,3027.2,423.95510644313396,1277.233496729877
90818,3027.233333333333,422.62151206596474,1277.3425683031055
90819,3027.2666666666664,420.8749541664058,1278.441671012964
90820,3027.3,418.5889026079363,1278.2157297843228
90821,3027.3333333333335,417.0144881096339,1278.520031739914
90822,3027.366666666667,415.7246754442688,1278.5256687523015
90823,3027.4,414.75416567288113,1278.1818973694963
90824,3027.4333333333334,415.0140211752236,1279.498171454963
90825,3027.4666666666667,414.77593729962416,1278.2680834934183
90826,3027.5,416.4756843344311,1278.419221297873
90827,3027.5333333333333,417.6684832400431,1277.1879329353253
90828,3027.5666666666666,419.5346602373117,1275.5908061954947
90829,3027.6,420.6592926090262,1274.793335909107
90830,3027.633333333333,422.1103077701641,1274.3874215441053
90831,3027.6666666666665,422.4815867585754,1272.7576749899722
90832,3027.7,422.85132058596105,1272.7752028677737
90833,3027.733333333333,422.22622380317824,1273.0770524751408
90834,3027.7666666666664,419.2896287956186,1273.8402058782794
90835,3027.8,416.99395821140706,1274.5228595942654
90836,3027.8333333333335,415.044922554726,1274.5275297396063
90837,3027.866666666667,413.6231138884568,1274.6607963731803
90838,3027.9,412.9357298906071,1274.4567140724703
90839,3027.9333333333334,412.58448862376144,1274.7780436104429
90840,3027.9666666666667,412.18464536973306,1274.6112575009179
90841,3028,413.39098774267893,1275.9839493833756
90842,3028.0333333333333,413.7379622008872,1275.325231561641
90843,3028.0666666666666,414.43257903510437,1273.9268221829827
90844,3028.1,416.02890083622907,1273.411627124371
90845,3028.133333333333,417.93888690326645,1271.9792813612344
90846,3028.1666666666665,418.5098903975213,1271.406335373382
90847,3028.2,419.58630709368896,1270.5436208167996
90848,3028.233333333333,420.54849202004823,1270.3143413109187
90849,3028.2666666666664,420.5453363512377,1269.973696269949
90850,3028.3,418.7638198236121,1270.557910854493
90851,3028.3333333333335,417.55945575183557,1271.000549420703
90852,3028.366666666667,415.7154577400494,1271.2049943266156
90853,3028.4,413.872310791485,1271.4696946848792
90854,3028.4333333333334,412.54892144454857,1271.0818572103785
90855,3028.4666666666667,411.81341840769824,1270.9024574301561
90856,3028.5,410.92268650542263,1270.6011203038845
90857,3028.5333333333333,411.11278570972365,1271.0403254469056
90858,3028.5666666666666,411.4608654020191,1270.5596105469963
90859,3028.6,412.4525550672684,1271.1196159527146
90860,3028.633333333333,414.60301496556286,1269.7708250039461
90861,3028.6666666666665,415.86088093350315,1269.7004191268434
90862,3028.7,417.3209418204688,1269.1870669738616
90863,3028.733333333333,418.4980008776225,1267.9393133644098
90864,3028.7666666666664,418.87116365294617,1267.9731189465647
90865,3028.8,418.997985990923,1267.6602301590365
90866,3028.8333333333335,417.4258737561097,1267.62557479644
90867,3028.866666666667,414.5506974579526,1267.1118392494968
90868,3028.9,412.3867389411436,1266.9416315664253
90869,3028.9333333333334,411.1432692834396,1267.2172788889832
90870,3028.9666666666667,410.64752058403053,1267.6296658021429
90871,3029,409.97002591237583,1267.4100592514524
90872,3029.0333333333333,409.54086791685984,1266.5992149087492
90873,3029.0666666666666,409.55607733078523,1267.0842221922098
90874,3029.1,410.51757482857846,1267.6799651887432
90875,3029.133333333333,412.23887980340766,1267.5055605301843
90876,3029.1666666666665,413.4100065327207,1266.6162435765052
90877,3029.2,414.89314527050647,1265.8921781227773
90878,3029.233333333333,416.4676101291041,1265.6380555333328
90879,3029.2666666666664,417.5523040649088,1265.028550339517
90880,3029.3,418.51923966410817,1265.0047886871273
90881,3029.3333333333335,417.88503079235113,1264.717212930801
90882,3029.366666666667,416.72397453441073,1264.4679746947547
90883,3029.4,414.51422980120054,1264.880432587513
90884,3029.4333333333334,411.4343513412362,1263.8366580490215
90885,3029.4666666666667,410.01690761105715,1264.140585226384
90886,3029.5,408.831733809952,1263.6728821350353
90887,3029.5333333333333,408.35293440440523,1263.7607054722312
90888,3029.5666666666666,407.9286333249313,1264.142883682598
90889,3029.6,408.4442923048595,1263.4915084157997
90890,3029.633333333333,409.94093085308043,1263.6102230005044
90891,3029.6666666666665,412.1579668327795,1263.1747501000864
90892,3029.7,414.148540150194,1261.6869248469313
90893,3029.733333333333,415.4691812890274,1261.8397521022225
90894,3029.7666666666664,416.572833169901,1261.5180208452116
90895,3029.8,417.2930394703928,1261.5116194026114
90896,3029.8333333333335,417.56588446571374,1261.221350363374
90897,3029.866666666667,415.4393389802828,1260.0787588307
90898,3029.9,411.9433923368173,1260.0471327063942
90899,3029.9333333333334,410.4810303150549,1260.3307172691361
90900,3029.9666666666667,409.27639109105417,1260.4679515137145
90901,3030,408.245599228464,1260.0368023264132
90902,3030.0333333333333,407.53462402786465,1259.4576136363617
90903,3030.0666666666666,407.3778227937832,1259.2191153814138
90904,3030.1,408.15776601429656,1258.7593964832822
90905,3030.133333333333,409.32623580676375,1260.0972382272112
90906,3030.1666666666665,410.83119666512516,1259.8184964351572
90907,3030.2,411.90382574446767,1261.361926817921
90908,3030.233333333333,413.59734348234673,1259.5535449576528
90909,3030.2666666666664,414.627197387305,1259.6165338620863
90910,3030.3,416.2255129396033,1258.829073217149
90911,3030.3333333333335,417.53392950055934,1257.7060060073472
90912,3030.366666666667,416.1258174132913,1258.1805551499672
90913,3030.4,413.8116570302413,1258.12541775832
90914,3030.4333333333334,411.4964675513197,1257.4997259786323
90915,3030.4666666666667,410.3700834918712,1257.1773412223035
90916,3030.5,409.9031153051907,1257.139243493886
90917,3030.5333333333333,409.43890169998264,1256.7698980240443
90918,3030.5666666666666,409.41385155255085,1256.2658417719542
90919,3030.6,409.54805646157246,1256.2572458229433
90920,3030.633333333333,410.4810152572026,1257.451785857259
90921,3030.6666666666665,411.6291317153194,1257.9803993162186
90922,3030.7,413.3554684951834,1257.9974969201558
90923,3030.733333333333,416.34315925972464,1256.7442292184692
90924,3030.7666666666664,418.2467088711105,1256.7688316181122
90925,3030.8,419.5159097851986,1256.102686281179
90926,3030.8333333333335,419.0639873732165,1256.3901874218616
90927,3030.866666666667,417.65587266208945,1255.012467954014
90928,3030.9,414.5981063419094,1255.0512496483275
90929,3030.9333333333334,412.2253572908158,1254.727152443343
90930,3030.9666666666667,410.99975559608305,1254.9263220747553
90931,3031,409.25027253522273,1253.2344342544097
90932,3031.0333333333333,408.2457652219673,1252.462867490768
90933,3031.0666666666666,407.7557382386568,1252.6409205424454
90934,3031.1,408.28705318397834,1253.0020272161169
90935,3031.133333333333,409.8630336243399,1253.58728693602
90936,3031.1666666666665,411.9464667833081,1254.0288876085592
90937,3031.2,413.68241825603,1254.202036277242
90938,3031.233333333333,414.424131321541,1256.0800406055255
90939,3031.2666666666664,417.64827693266244,1253.2560796353034
90940,3031.3,418.4244973980482,1255.1650875760033
90941,3031.3333333333335,419.5062764374697,1253.6699415783253
90942,3031.366666666667,418.51013328494713,1253.8923887234187
90943,3031.4,416.8356809815627,1253.5938270786119
90944,3031.4333333333334,414.2727513930756,1252.147519962729
90945,3031.4666666666667,412.2167887624516,1250.30605717574
90946,3031.5,411.0386750274552,1250.1956424570967
90947,3031.5333333333333,410.4452459111814,1249.3519652661148
90948,3031.5666666666666,409.47016668485895,1249.149887348463
90949,3031.6,409.60136360888885,1248.883295689646
90950,3031.633333333333,409.93307232478844,1249.1156041864292
90951,3031.6666666666665,410.9448124838899,1249.894942781466
90952,3031.7,412.95651784680433,1251.1251100655873
90953,3031.733333333333,415.27440373453805,1251.2583006137043
90954,3031.7666666666664,416.6300499158102,1251.5355928223653
90955,3031.8,417.7346735274052,1251.6900386015936
90956,3031.8333333333335,419.0864094859287,1252.0486232667436
90957,3031.866666666667,419.3645653112347,1252.173308030827
90958,3031.9,418.0672869687331,1251.7565730773651
90959,3031.9333333333334,416.7114517925749,1250.4123899326519
90960,3031.9666666666667,415.49025588524717,1249.9017021822588
90961,3032,413.62785476175634,1248.988313733713
90962,3032.0333333333333,412.7163032872705,1248.5430291508007
90963,3032.0666666666666,410.90187980587496,1247.2395786796515
90964,3032.1,410.485502970034,1246.7904349649884
90965,3032.133333333333,410.4859820060586,1247.2025466376163
90966,3032.1666666666665,411.388177939704,1247.4078580952073
90967,3032.2,411.942307946345,1248.7917971765285
90968,3032.233333333333,413.2089198101263,1250.6740574855062
90969,3032.2666666666664,414.0372368580304,1251.3598228882306
90970,3032.3,416.8255596256365,1250.865850477438
90971,3032.3333333333335,418.0703274077734,1252.4619841231884
90972,3032.366666666667,420.2155090102352,1252.2001167929984
90973,3032.4,421.5900817170527,1251.7617900743708
90974,3032.4333333333334,420.8250453095184,1252.7081516106311
90975,3032.4666666666667,419.1274923382407,1251.7585967867308
90976,3032.5,417.929194149737,1250.550851070332
90977,3032.5333333333333,416.84542338341925,1250.077606525886
90978,3032.5666666666666,415.7670832876113,1249.7166087046553
90979,3032.6,414.17293415222207,1248.3554148877379
90980,3032.633333333333,413.22376772538166,1248.5325448659728
90981,3032.6666666666665,413.0788735178498,1247.9613853926116
90982,3032.7,413.5730989110391,1248.6973934158427
90983,3032.733333333333,415.1438059339372,1248.8431369462542
90984,3032.7666666666664,417.2391246041335,1248.8568155678095
90985,3032.8,420.6253116749642,1247.836779145679
90986,3032.8333333333335,421.2326769409321,1249.1976160165607
90987,3032.866666666667,422.1593001387599,1249.944103185872
90988,3032.9,422.11653268829497,1249.9211555332022
90989,3032.9333333333334,421.0050580988871,1248.980265668604
90990,3032.9666666666667,419.75393462543735,1247.1834046128251
90991,3033,,,,,,
90992,3033.0333333333333,,,,,,
90993,3033.0666666666666,,,,,,
90994,3033.1,,,,,,
90995,3033.133333333333,,,,,,
90996,3033.1666666666665,,,,,,
90997,3033.2,,,,,,
90998,3033.233333333333,,,,,,
90999,3033.2666666666664,,,,,,
91000,3033.3,,,,,,
91001,3033.3333333333335,,,,,,
91002,3033.366666666667,,,,,,
91003,3033.4,,,,,,
91004,3033.4333333333334,,,,,,
91005,3033.4666666666667,,,,,,
91006,3033.5,,,,,,
91007,3033.5333333333333,,,,,,
91008,3033.5666666666666,,,,,,
91009,3033.6,,,,,,
91010,3033.633333333333,,,,,,
91011,3033.6666666666665,,,,,,
91012,3033.7,,,,,,
91013,3033.733333333333,,,,,,
91014,3033.7666666666664,,,,,,
91015,3033.8,,,,,,
91016,3033.8333333333335,,,,,,
91017,3033.866666666667,,,,,,
91018,3033.9,,,,,,
91019,3033.9333333333334,,,,,,
91020,3033.9666666666667,,,,,,
91021,3034,,,,,,
91022,3034.0333333333333,,,,,,
91023,3034.0666666666666,,,,,,
91024,3034.1,,,,,,
91025,3034.133333333333,,,,,,
91026,3034.1666666666665,,,,,,
91027,3034.2,,,,,,
91028,3034.233333333333,,,,,,
91029,3034.2666666666664,,,,,,
91030,3034.3,,,,,,
91031,3034.3333333333335,,,,,,
91032,3034.366666666667,,,,,,
91033,3034.4,,,,,,
91034,3034.4333333333334,,,,,,
91035,3034.4666666666667,,,,,,
91036,3034.5,,,,,,
91037,3034.5333333333333,,,,,,
91038,3034.5666666666666,,,,,,
91039,3034.6,,,,,,
91040,3034.633333333333,,,,,,
91041,3034.6666666666665,,,,,,
91042,3034.7,,,,,,
91043,3034.733333333333,,,,,,
91044,3034.7666666666664,,,,,,
91045,3034.8,,,,,,
91046,3034.8333333333335,,,,,,
91047,3034.866666666667,,,,,,
91048,3034.9,,,,,,
91049,3034.9333333333334,,,,,,
91050,3034.9666666666667,,,,,,
91051,3035,,,,,,
91052,3035.0333333333333,,,,,,
91053,3035.0666666666666,,,,,,
91054,3035.1,,,,,,
91055,3035.133333333333,,,,,,
91056,3035.1666666666665,,,,,,
91057,3035.2,,,,,,
91058,3035.233333333333,,,,,,
91059,3035.2666666666664,,,,,,
91060,3035.3,,,,,,
91061,3035.3333333333335,,,,,,
91062,3035.366666666667,,,,,,
91063,3035.4,,,,,,
91064,3035.4333333333334,,,,,,
91065,3035.4666666666667,,,,,,
91066,3035.5,,,,,,
91067,3035.5333333333333,,,,,,
91068,3035.5666666666666,,,,,,
91069,3035.6,,,,,,
91070,3035.633333333333,,,,,,
91071,3035.6666666666665,,,,,,
91072,3035.7,,,,,,
91073,3035.733333333333,,,,,,
91074,3035.7666666666664,,,,,,
91075,3035.8,,,,,,
91076,3035.8333333333335,,,,,,
91077,3035.866666666667,,,,,,
91078,3035.9,,,,,,
91079,3035.9333333333334,,,,,,
91080,3035.9666666666667,,,,,,
91081,3036,,,,,,
91082,3036.0333333333333,,,,,,
91083,3036.0666666666666,,,,,,
91084,3036.1,,,,,,
91085,3036.133333333333,,,,,,
91086,3036.1666666666665,,,,,,
91087,3036.2,,,,,,
91088,3036.233333333333,,,,,,
91089,3036.2666666666664,,,,,,
91090,3036.3,,,,,,
91091,3036.3333333333335,,,,,,
91092,3036.366666666667,,,,,,
91093,3036.4,,,,,,
91094,3036.4333333333334,,,,,,
91095,3036.4666666666667,,,,,,
91096,3036.5,,,,,,
91097,3036.5333333333333,,,,,,
91098,3036.5666666666666,,,,,,
91099,3036.6,,,,,,
91100,3036.633333333333,,,,,,
91101,3036.6666666666665,,,,,,
91102,3036.7,,,,,,
91103,3036.733333333333,,,,,,
91104,3036.7666666666664,,,,,,
91105,3036.8,,,,,,
91106,3036.8333333333335,,,,,,
91107,3036.866666666667,,,,,,
91108,3036.9,,,,,,
91109,3036.9333333333334,,,,,,
91110,3036.9666666666667,,,,,,
91111,3037,,,,,,
91112,3037.0333333333333,,,,,,
91113,3037.0666666666666,,,,,,
91114,3037.1,,,,,,
91115,3037.133333333333,,,,,,
91116,3037.1666666666665,,,,,,
91117,3037.2,,,,,,
91118,3037.233333333333,,,,,,
91119,3037.2666666666664,,,,,,
91120,3037.3,,,,,,
91121,3037.3333333333335,,,,,,
91122,3037.366666666667,,,,,,
91123,3037.4,,,,,,
91124,3037.4333333333334,,,,,,
91125,3037.4666666666667,,,,,,
91126,3037.5,,,,,,
91127,3037.5333333333333,,,,,,
91128,3037.5666666666666,,,,,,
91129,3037.6,,,,,,
91130,3037.633333333333,,,,,,
91131,3037.6666666666665,,,,,,
91132,3037.7,,,,,,
91133,3037.733333333333,,,,,,
91134,3037.7666666666664,,,,,,
91135,3037.8,,,,,,
91136,3037.8333333333335,,,,,,
91137,3037.866666666667,,,,,,
91138,3037.9,,,,,,
91139,3037.9333333333334,,,,,,
91140,3037.9666666666667,,,,,,
91141,3038,,,,,,
91142,3038.0333333333333,,,,,,
91143,3038.0666666666666,,,,,,
91144,3038.1,,,,,,
91145,3038.133333333333,,,,,,
91146,3038.1666666666665,,,,,,
91147,3038.2,,,,,,
91148,3038.233333333333,,,,,,
91149,3038.2666666666664,,,,,,
91150,3038.3,,,,,,
91151,3038.3333333333335,,,,,,
91152,3038.366666666667,,,,,,
91153,3038.4,,,,,,
91154,3038.4333333333334,,,,,,
91155,3038.4666666666667,,,,,,
91156,3038.5,,,,,,
91157,3038.5333333333333,,,,,,
91158,3038.5666666666666,,,,,,
91159,3038.6,,,,,,
91160,3038.633333333333,,,,,,
91161,3038.6666666666665,,,,,,
91162,3038.7,,,,,,
91163,3038.733333333333,,,,,,
91164,3038.7666666666664,,,,,,
91165,3038.8,,,,,,
91166,3038.8333333333335,,,,,,
91167,3038.866666666667,,,,,,
91168,3038.9,,,,,,
91169,3038.9333333333334,,,,,,
91170,3038.9666666666667,,,,,,
91171,3039,,,,,,
91172,3039.0333333333333,,,,,,
91173,3039.0666666666666,,,,,,
91174,3039.1,,,,,,
91175,3039.133333333333,,,,,,
91176,3039.1666666666665,,,,,,
91177,3039.2,,,,,,
91178,3039.233333333333,,,,,,
91179,3039.2666666666664,,,,,,
91180,3039.3,,,,,,
91181,3039.3333333333335,,,,,,
91182,3039.366666666667,,,,,,
91183,3039.4,,,,,,
91184,3039.4333333333334,,,,,,
91185,3039.4666666666667,,,,,,
91186,3039.5,,,,,,
91187,3039.5333333333333,,,,,,
91188,3039.5666666666666,,,,,,
91189,3039.6,,,,,,
91190,3039.633333333333,,,,,,
91191,3039.6666666666665,,,,,,
91192,3039.7,,,,,,
91193,3039.733333333333,,,,,,
91194,3039.7666666666664,,,,,,
91195,3039.8,,,,,,
91196,3039.8333333333335,,,,,,
91197,3039.866666666667,,,,,,
91198,3039.9,,,,,,
91199,3039.9333333333334,,,,,,
91200,3039.9666666666667,,,,,,
91201,3040,,,,,,
91202,3040.0333333333333,,,,,,
91203,3040.0666666666666,,,,,,
91204,3040.1,,,,,,
91205,3040.133333333333,,,,,,
91206,3040.1666666666665,,,,,,
91207,3040.2,,,,,,
91208,3040.233333333333,,,,,,
91209,3040.2666666666664,,,,,,
91210,3040.3,,,,,,
91211,3040.3333333333335,,,,,,
91212,3040.366666666667,,,,,,
91213,3040.4,,,,,,
91214,3040.4333333333334,,,,,,
91215,3040.4666666666667,,,,,,
91216,3040.5,,,,,,
91217,3040.5333333333333,,,,,,
91218,3040.5666666666666,,,,,,
91219,3040.6,,,,,,
91220,3040.633333333333,,,,,,
91221,3040.6666666666665,,,,,,
91222,3040.7,,,,,,
91223,3040.733333333333,,,,,,
91224,3040.7666666666664,,,,,,
91225,3040.8,,,,,,
91226,3040.8333333333335,,,,,,
91227,3040.866666666667,,,,,,
91228,3040.9,,,,,,
91229,3040.9333333333334,,,,,,
91230,3040.9666666666667,,,,,,
91231,3041,,,,,,
91232,3041.0333333333333,,,,,,
91233,3041.0666666666666,,,,,,
91234,3041.1,,,,,,
91235,3041.133333333333,,,,,,
91236,3041.1666666666665,,,,,,
91237,3041.2,,,,,,
91238,3041.233333333333,,,,,,
91239,3041.2666666666664,,,,,,
91240,3041.3,,,,,,
91241,3041.3333333333335,,,,,,
91242,3041.366666666667,,,,,,
91243,3041.4,,,,,,
91244,3041.4333333333334,,,,,,
91245,3041.4666666666667,,,,,,
91246,3041.5,,,,,,
91247,3041.5333333333333,,,,,,
91248,3041.5666666666666,,,,,,
91249,3041.6,,,,,,
91250,3041.633333333333,,,,,,
91251,3041.6666666666665,,,,,,
91252,3041.7,,,,,,
91253,3041.733333333333,,,,,,
91254,3041.7666666666664,,,,,,
91255,3041.8,,,,,,
91256,3041.8333333333335,,,,,,
91257,3041.866666666667,,,,,,
91258,3041.9,,,,,,
91259,3041.9333333333334,,,,,,
91260,3041.9666666666667,,,,,,
91261,3042,,,,,,
91262,3042.0333333333333,,,,,,
91263,3042.0666666666666,,,,,,
91264,3042.1,,,,,,
91265,3042.133333333333,,,,,,
91266,3042.1666666666665,,,,,,
91267,3042.2,,,,,,
91268,3042.233333333333,,,,,,
91269,3042.2666666666664,,,,,,
91270,3042.3,,,,,,
91271,3042.3333333333335,,,,,,
91272,3042.366666666667,,,,,,
91273,3042.4,,,,,,
91274,3042.4333333333334,,,,,,
91275,3042.4666666666667,,,,,,
91276,3042.5,,,,,,
91277,3042.5333333333333,,,,,,
91278,3042.5666666666666,,,,,,
91279,3042.6,,,,,,
91280,3042.633333333333,,,,,,
91281,3042.6666666666665,,,,,,
91282,3042.7,,,,,,
91283,3042.733333333333,,,,,,
91284,3042.7666666666664,,,,,,
91285,3042.8,,,,,,
91286,3042.8333333333335,,,,,,
91287,3042.866666666667,,,,,,
91288,3042.9,,,,,,
91289,3042.9333333333334,,,,,,
91290,3042.9666666666667,,,,,,
91291,3043,,,,,,
91292,3043.0333333333333,,,,,,
91293,3043.0666666666666,,,,,,
91294,3043.1,,,,,,
91295,3043.133333333333,,,,,,
91296,3043.1666666666665,,,,,,
91297,3043.2,,,,,,
91298,3043.233333333333,,,,,,
91299,3043.2666666666664,,,,,,
91300,3043.3,,,,,,
91301,3043.3333333333335,,,,,,
91302,3043.366666666667,,,,,,
91303,3043.4,,,,,,
91304,3043.4333333333334,,,,,,
91305,3043.4666666666667,,,,,,
91306,3043.5,,,,,,
91307,3043.5333333333333,,,,,,
91308,3043.5666666666666,,,,,,
91309,3043.6,,,,,,
91310,3043.633333333333,,,,,,
91311,3043.6666666666665,,,,,,
91312,3043.7,,,,,,
91313,3043.733333333333,,,,,,
91314,3043.7666666666664,,,,,,
91315,3043.8,,,,,,
91316,3043.8333333333335,,,,,,
91317,3043.866666666667,,,,,,
91318,3043.9,,,,,,
91319,3043.9333333333334,,,,,,
91320,3043.9666666666667,,,,,,
91321,3044,,,,,,
91322,3044.0333333333333,,,,,,
91323,3044.0666666666666,,,,,,
91324,3044.1,,,,,,
91325,3044.133333333333,,,,,,
91326,3044.1666666666665,,,,,,
91327,3044.2,,,,,,
91328,3044.233333333333,,,,,,
91329,3044.2666666666664,,,,,,
91330,3044.3,,,,,,
91331,3044.3333333333335,,,,,,
91332,3044.366666666667,,,,,,
91333,3044.4,,,,,,
91334,3044.4333333333334,,,,,,
91335,3044.4666666666667,,,,,,
91336,3044.5,,,,,,
91337,3044.5333333333333,,,,,,
91338,3044.5666666666666,,,,,,
91339,3044.6,,,,,,
91340,3044.633333333333,,,,,,
91341,3044.6666666666665,,,,,,
91342,3044.7,,,,,,
91343,3044.733333333333,,,,,,
91344,3044.7666666666664,,,,,,
91345,3044.8,,,,,,
91346,3044.8333333333335,,,,,,
91347,3044.866666666667,,,,,,
91348,3044.9,,,,,,
91349,3044.9333333333334,,,,,,
91350,3044.9666666666667,,,,,,
91351,3045,,,,,,
91352,3045.0333333333333,,,,,,
91353,3045.0666666666666,,,,,,
91354,3045.1,,,,,,
91355,3045.133333333333,,,,,,
91356,3045.1666666666665,,,,,,
91357,3045.2,,,,,,
91358,3045.233333333333,,,,,,
91359,3045.2666666666664,,,,,,
91360,3045.3,,,,,,
91361,3045.3333333333335,,,,,,
91362,3045.366666666667,,,,,,
91363,3045.4,,,,,,
91364,3045.4333333333334,,,,,,
91365,3045.4666666666667,,,,,,
91366,3045.5,,,,,,
91367,3045.5333333333333,,,,,,
91368,3045.5666666666666,,,,,,
91369,3045.6,,,,,,
91370,3045.633333333333,,,,,,
91371,3045.6666666666665,,,,,,
91372,3045.7,,,,,,
91373,3045.733333333333,,,,,,
91374,3045.7666666666664,,,,,,
91375,3045.8,,,,,,
91376,3045.8333333333335,,,,,,
91377,3045.866666666667,,,,,,
91378,3045.9,,,,,,
91379,3045.9333333333334,,,,,,
91380,3045.9666666666667,,,,,,
91381,3046,,,,,,
91382,3046.0333333333333,,,,,,
91383,3046.0666666666666,,,,,,
91384,3046.1,,,,,,
91385,3046.133333333333,,,,,,
91386,3046.1666666666665,,,,,,
91387,3046.2,,,,,,
91388,3046.233333333333,,,,,,
91389,3046.2666666666664,,,,,,
91390,3046.3,,,,,,
91391,3046.3333333333335,,,,,,
91392,3046.366666666667,,,,,,
91393,3046.4,,,,,,
91394,3046.4333333333334,,,,,,
91395,3046.4666666666667,,,,,,
91396,3046.5,,,,,,
91397,3046.5333333333333,,,,,,
91398,3046.5666666666666,,,,,,
91399,3046.6,,,,,,
91400,3046.633333333333,,,,,,
91401,3046.6666666666665,,,,,,
91402,3046.7,,,,,,
91403,3046.733333333333,,,,,,
91404,3046.7666666666664,,,,,,
91405,3046.8,,,,,,
91406,3046.8333333333335,,,,,,
91407,3046.866666666667,,,,,,
91408,3046.9,,,326.82099798285583,1243.908937045498
91409,3046.9333333333334,,,325.35217851836194,1242.551395552996
91410,3046.9666666666667,,,324.189816254665,1244.1324276690002
91411,3047,,,324.56339846433275,1243.5788061745745
91412,3047.0333333333333,,,324.9781851156902,1243.0381700158068
91413,3047.0666666666666,,,324.81502837390155,1243.7593824203525
91414,3047.1,,,323.55773687900773,1245.4138390444473
91415,3047.133333333333,,,322.74712152918124,1246.4815458283992
91416,3047.1666666666665,,,322.8180060190011,1247.33603550563
91417,3047.2,,,324.98506890604875,1247.9688556433246
91418,3047.233333333333,,,328.92431117840596,1247.84521386109
91419,3047.2666666666664,,,328.77243560334455,1250.0116178478888
91420,3047.3,,,329.6869627359682,1250.516941328482
91421,3047.3333333333335,,,329.98089760192164,1252.120848469468
91422,3047.366666666667,,,330.5375823680246,1255.1884227922694
91423,3047.4,,,331.29604197802286,1255.4894329436036
91424,3047.4333333333334,,,331.6175738508451,1256.3927480756597
91425,3047.4666666666667,,,332.0069376411421,1256.6300789358345
91426,3047.5,,,331.63327689777157,1256.2671384652092
91427,3047.5333333333333,,,328.1360806636566,1256.527349676631
91428,3047.5666666666666,,,327.1788788011552,1255.3331542645183
91429,3047.6,,,325.1635048151162,1255.3260358795608
91430,3047.633333333333,,,324.35550829455286,1254.2213705764811
91431,3047.6666666666665,,,323.4758664003811,1254.0766554550557
91432,3047.7,,,323.4837153512929,1253.3926265995892
91433,3047.733333333333,,,322.64222032276456,1253.026004979149
91434,3047.7666666666664,,,321.9406411972069,1253.0159434148156
91435,3047.8,,,322.8817626111598,1252.0289300568934
91436,3047.8333333333335,,,322.4158980556092,1252.5712503623013
91437,3047.866666666667,,,322.6609951906653,1252.5976340422903
91438,3047.9,,,322.5660068349648,1252.6799056025743
91439,3047.9333333333334,,,323.43268464278844,1253.1263065875908
91440,3047.9666666666667,,,323.6284581075559,1254.21696888812
91441,3048,,,324.03032058676143,1255.358978004701
91442,3048.0333333333333,,,324.4416364311074,1256.6061195135335
91443,3048.0666666666666,,,324.8415008639242,1257.75404323452
91444,3048.1,,,325.1321702401151,1258.5183786968842
91445,3048.133333333333,,,325.26217746545524,1259.6178716437
91446,3048.1666666666665,,,325.1877836059233,1260.4358570318113
91447,3048.2,,,325.1372486108396,1261.2379098007582
91448,3048.233333333333,,,325.7383031748109,1261.1096690587642
91449,3048.2666666666664,,,325.46752329882725,1261.5391557946996
91450,3048.3,,,326.1047630665135,1261.3111243710985
91451,3048.3333333333335,,,324.9566038113324,1262.0206592870923
91452,3048.366666666667,,,325.1606341767206,1261.993035653929
91453,3048.4,,,325.0889532443459,1262.0017322428437
91454,3048.4333333333334,,,324.93662016225437,1262.0502341459219
91455,3048.4666666666667,,,325.7133271414482,1261.727381314271
91456,3048.5,,,326.04366040055055,1261.4799625277774
91457,3048.5333333333333,,,325.753741722515,1261.1560512795277
91458,3048.5666666666666,,,325.7872276008513,1261.1066652899976
91459,3048.6,,,325.90429889193547,1261.0984419241136
91460,3048.633333333333,,,326.00595740603904,1261.0547909207492
91461,3048.6666666666665,,,325.514972973105,1261.2301338505063
91462,3048.7,,,325.5654942209155,1261.2598371667464
91463,3048.733333333333,,,324.9346804514203,1261.6745329042897
91464,3048.7666666666664,,,324.98456523150054,1261.6382441621402
91465,3048.8,,,325.9940475901968,1261.555406671544
91466,3048.8333333333335,,,325.62812866784566,1262.1670080321542
91467,3048.866666666667,,,325.253625813333,1262.3055348338721
91468,3048.9,,,325.566932018675,1262.0875967781362
91469,3048.9333333333334,,,325.28176525052726,1262.2689991799543
91470,3048.9666666666667,,,325.4821012277786,1262.2758908004316
91471,3049,,,325.48938604786827,1262.2683687301237
91472,3049.0333333333333,,,325.39247271370914,1262.3699406866563
91473,3049.0666666666666,,,325.1586361790921,1262.8084890943305
91474,3049.1,,,325.1455887353012,1262.295674389371
91475,3049.133333333333,,,325.7696366260119,1262.4245814048738
91476,3049.1666666666665,,,325.2767160613945,1262.5395320522575
91477,3049.2,,,325.25657369955695,1262.5093884163757
91478,3049.233333333333,,,324.97744479171513,1262.6881452718271
91479,3049.2666666666664,,,325.2303328174219,1261.6014572512363
91480,3049.3,,,325.6184664264298,1260.9505860074314
91481,3049.3333333333335,,,325.307864575722,1259.9681964158758
91482,3049.366666666667,,,325.3847476584125,1258.6382502374074
91483,3049.4,,,325.28761145170665,1257.6103622686524
91484,3049.4333333333334,,,324.76042326608325,1256.72055060096
91485,3049.4666666666667,,,324.8297019460021,1255.2759909200604
91486,3049.5,,,324.626527918872,1254.8545710020878
91487,3049.5333333333333,,,324.9452431946726,1254.1964306670193
91488,3049.5666666666666,,,326.11377865403415,1253.203323905811
91489,3049.6,,,325.7210988671243,1253.4493069810237
91490,3049.633333333333,,,326.5147121970062,1254.0577505220854
91491,3049.6666666666665,,,327.06401499753565,1255.060552740422
91492,3049.7,,,328.6600691018907,1255.7311542201091
91493,3049.733333333333,,,328.5890392647247,1257.6032217468855
91494,3049.7666666666664,,,328.15838266232805,1257.8769975905159
91495,3049.8,,,330.19648185555656,1258.7809417586668
91496,3049.8333333333335,,,331.7416494694444,1260.1709838182705
91497,3049.866666666667,,,333.03083006608944,1260.2104804361254
91498,3049.9,,,332.7403320741412,1260.4658833044318
91499,3049.9333333333334,,,333.59884853188004,1259.4437463206818
91500,3049.9666666666667,,,332.9134464972013,1259.608230154045
91501,3050,,,331.95273672336685,1259.6092228006555
91502,3050.0333333333333,,,332.2389237024178,1258.2434262015277
91503,3050.0666666666666,,,331.3268258127422,1257.249496820914
91504,3050.1,,,331.131192339137,1255.935580187081
91505,3050.133333333333,,,330.3737738047375,1255.3156548096485
91506,3050.1666666666665,,,330.00381144001847,1255.9922972043446
91507,3050.2,,,328.5195955986017,1256.0611897715912
91508,3050.233333333333,,,327.91934840478837,1251.7464614632154
91509,3050.2666666666664,,,327.3302342348216,1251.6435198683823
91510,3050.3,,,327.02410924293457,1250.9529595296972
91511,3050.3333333333335,,,326.7014923322289,1250.1967707381796
91512,3050.366666666667,,,326.5238105768955,1250.110556607537
91513,3050.4,,,326.5340014820862,1249.356011936854
91514,3050.4333333333334,,,326.35736624722756,1249.2363858347885
91515,3050.4666666666667,,,327.28655532308403,1249.2297122975538
91516,3050.5,,,328.3800063825726,1250.8687058937376
91517,3050.5333333333333,,,330.1368388634633,1251.7907641643233
91518,3050.5666666666666,,,330.37531308462513,1252.8231673036698
91519,3050.6,,,333.1774161494731,1253.7645506873027
91520,3050.633333333333,,,333.8389764030548,1254.8367243354483
91521,3050.6666666666665,,,335.1590202349804,1255.8800770999724
91522,3050.7,,,337.848368354927,1255.9057940877035
91523,3050.733333333333,,,338.6751138758927,1256.2041335089098
91524,3050.7666666666664,,,337.63040039611116,1256.8316849964438
91525,3050.8,,,337.96289606218784,1257.0116640545048
91526,3050.8333333333335,,,338.9228368089296,1256.2349009414847
91527,3050.866666666667,,,338.3974395985856,1256.5830133677878
91528,3050.9,,,337.81397627403123,1256.8687854583782
91529,3050.9333333333334,,,338.5050452949169,1255.7837380018595
91530,3050.9666666666667,,,337.903385179999,1256.13310170463
91531,3051,,,337.98791997053377,1255.432572588329
91532,3051.0333333333333,,,337.8797615101827,1254.6867260255283
91533,3051.0666666666666,,,336.71398792964425,1254.9374951816721
91534,3051.1,,,335.64513296405784,1253.2268746037985
91535,3051.133333333333,,,329.77897064076865,1248.640349361804
91536,3051.1666666666665,,,330.56316555468754,1245.4129859162101
91537,3051.2,,,331.1036124942771,1245.9431145197777
91538,3051.233333333333,,,332.02577629888316,1246.1783327116282
91539,3051.2666666666664,,,333.20692189168614,1246.844221465315
91540,3051.3,,,332.96045178705026,1247.6469722147285
91541,3051.3333333333335,,,332.05036502219656,1248.6006946108132
91542,3051.366666666667,,,331.5123422497508,1248.9455688828486
91543,3051.4,,,329.6248989372856,1251.476947012401
91544,3051.4333333333334,,,329.6572978460227,1252.147720575449
91545,3051.4666666666667,,,330.833144416323,1251.1139096413144
91546,3051.5,,,331.10299481131733,1252.6529797383587
91547,3051.5333333333333,,,331.9759589420845,1252.2938673454507
91548,3051.5666666666666,,,331.811819639752,1252.9395711840239
91549,3051.6,,,331.4893100808747,1254.8688177379897
91550,3051.633333333333,,,331.5096302218912,1256.1479582278757
91551,3051.6666666666665,,,331.6654901390158,1255.5152102832612
91552,3051.7,,,331.4906437356444,1256.7820949407437
91553,3051.733333333333,,,331.67333491950257,1255.5171816246248
91554,3051.7666666666664,,,331.7102826446753,1256.181543580611
91555,3051.8,,,331.6008109443988,1256.8121560956524
91556,3051.8333333333335,,,332.2737900330635,1255.708742781777
91557,3051.866666666667,,,332.0921527619594,1256.3373934087606
91558,3051.9,,,330.18335006138295,1257.9709611484077
91559,3051.9333333333334,,,330.8036658009355,1257.8214859180252
91560,3051.9666666666667,,,330.1830091221021,1257.9750306559874
91561,3052,,,324.67468088322386,1255.8111928254239
91562,3052.0333333333333,,,324.92854529212013,1255.670741373761
91563,3052.0666666666666,,,324.26652281338175,1254.6181224808379
91564,3052.1,,,324.2278692589592,1254.6298639762517
91565,3052.133333333333,,,324.3921222194026,1254.6058048463156
91566,3052.1666666666665,,,324.64269286845536,1253.9370144628274
91567,3052.2,,,324.6743906608121,1252.686614590078
91568,3052.233333333333,,,324.65504601077976,1252.699893133305
91569,3052.2666666666664,,,324.71183036880564,1253.351723930662
91570,3052.3,,,324.7937856422459,1253.3776290390558
91571,3052.3333333333335,,,325.03719741110393,1254.0174091187944
91572,3052.366666666667,,,324.97384444951905,1252.1083456599222
91573,3052.4,,,324.94401272789406,1252.7614807781022
91574,3052.4333333333334,,,324.96123492112696,1253.4036101943652
91575,3052.4666666666667,,,325.2511878256174,1254.0184950105704
91576,3052.5,,,325.5420947875464,1254.582048228122
91577,3052.5333333333333,,,325.2954755965986,1253.9872721666452
91578,3052.5666666666666,,,324.9731870478888,1252.111295683096
91579,3052.6,,,325.29232054003836,1251.5672306999427
91580,3052.633333333333,,,325.12146740149336,1252.2176126210836
91581,3052.6666666666665,,,325.09446988607056,1252.208315710364
91582,3052.7,,,325.02731881826196,1252.176423493972
91583,3052.733333333333,,,324.9007559465298,1252.8271240600166
91584,3052.7666666666664,,,324.96716595975,1253.482718105211
91585,3052.8,,,325.5372213598146,1254.5944930050741
91586,3052.8333333333335,,,326.0869771071802,1254.9119577045221
91587,3052.866666666667,,,325.683648701282,1254.413769368674
91588,3052.9,,,327.2220822669765,1255.4663250233539
91589,3052.9333333333334,,,326.6426984106191,1255.0928398044703
91590,3052.9666666666667,,,327.4674348334304,1254.8112607925468
91591,3053,,,326.8234337366963,1254.6001415509352
91592,3053.0333333333333,,,326.35696385829385,1254.118765970134
91593,3053.0666666666666,,,325.9833047475573,1253.5438671303393
91594,3053.1,,,326.16167542566143,1250.4329288444692
91595,3053.133333333333,,,325.8801575823798,1251.0069001526545
91596,3053.1666666666665,,,325.54163714048593,1252.2267719411575
91597,3053.2,,,325.89943796605024,1253.447064309265
91598,3053.233333333333,,,325.8417775709715,1253.464671439681
91599,3053.2666666666664,,,326.15143079649465,1254.0279097802818
91600,3053.3,,,326.8113169277461,1254.301076225493
91601,3053.3333333333335,,,327.28650639843335,1254.7379831842484
91602,3053.366666666667,,,326.0670643541468,1253.3165604394421
91603,3053.4,,,326.5503833575615,1254.4379810119685
91604,3053.4333333333334,,,326.51082731114695,1251.0546392365236
91605,3053.4666666666667,,,325.96137297486996,1252.2124693689689
91606,3053.5,,,325.24685082039275,1253.282605050907
91607,3053.5333333333333,,,326.0751648599566,1254.846182984471
91608,3053.5666666666666,,,327.3705966871887,1255.096249783945
91609,3053.6,,,328.2541853051953,1254.2542891410371
91610,3053.633333333333,,,328.99931119146845,1254.048290615222
91611,3053.6666666666665,,,330.8591401975648,1253.1272811177473
91612,3053.7,,,332.14237370520596,1252.9818071017528
91613,3053.733333333333,,,333.4519991807444,1252.7140649717826
91614,3053.7666666666664,,,332.87155884851455,1252.0371488321202
91615,3053.8,,,333.47009194000805,1252.492941141129
91616,3053.8333333333335,,,333.1352403884808,1252.5131028146793
91617,3053.866666666667,,,330.6476138278821,1251.833714813999
91618,3053.9,,,331.0914780473081,1251.8993471565786
91619,3053.9333333333334,,,331.6917053244332,1252.291333447295
91620,3053.9666666666667,,,331.0858372601223,1253.0927842181354
91621,3054,,,330.7080057505739,1253.6252657556822
91622,3054.0333333333333,,,330.46482893681207,1254.6907041821114
91623,3054.0666666666666,,,329.86482849171784,1255.2657391667467
91624,3054.1,,,330.5241155997619,1255.3170198946582
91625,3054.133333333333,,,329.4110842617189,1255.7156517620142
91626,3054.1666666666665,,,329.0304557341019,1255.5142078505467
91627,3054.2,,,330.55150906253886,1255.5806533441018
91628,3054.233333333333,,,329.98097189953825,1255.2053078722643
91629,3054.2666666666664,,,331.9590878596559,1253.9431466787444
91630,3054.3,,,331.0796277392158,1253.344088990847
91631,3054.3333333333335,,,337.58452270008667,1251.6031854681542
91632,3054.366666666667,,,338.2422749660804,1250.9203752250683
91633,3054.4,,,339.9065119395309,1250.7150811868066
91634,3054.4333333333334,,,339.2145116292571,1251.2784727671883
91635,3054.4666666666667,,,339.19188282486135,1253.6533746058317
91636,3054.5,,,335.31344439169635,1251.590212705448
91637,3054.5333333333333,,,333.8280766612656,1252.1513276902294
91638,3054.5666666666666,,,335.702255316617,1256.857612579885
91639,3054.6,,,334.81383825905147,1258.4590955081148
91640,3054.633333333333,,,334.0196101186918,1259.3218144937648
91641,3054.6666666666665,,,334.23415095353505,1260.0828313967754
91642,3054.7,,,337.2569851443492,1261.4209343650712
91643,3054.733333333333,,,337.5074327254561,1259.564232357201
91644,3054.7666666666664,,,337.7750964385229,1257.832761788904
91645,3054.8,,,340.2928608626035,1255.8668458874356
91646,3054.8333333333335,,,340.6357166845703,1254.6566137873906
91647,3054.866666666667,,,340.7905226644123,1253.7095898481455
91648,3054.9,,,341.31331617256683,1253.003638711637
91649,3054.9333333333334,,,341.196761609326,1253.5276893045536
91650,3054.9666666666667,,,342.6173746253137,1255.3724244482512
91651,3055,,,342.56456195575385,1258.2310418909206
91652,3055.0333333333333,,,342.86093296324947,1261.3631181343999
91653,3055.0666666666666,,,342.32041721199437,1263.2173800626836
91654,3055.1,,,342.8295125254514,1264.5282530639852
91655,3055.133333333333,,,342.528245000719,1265.225589752425
91656,3055.1666666666665,,,341.86406161043533,1264.588480050389
91657,3055.2,,,342.49214717149874,1263.913463165467
91658,3055.233333333333,,,343.1195547644362,1262.1685930311696
91659,3055.2666666666664,,,342.7654289302763,1260.2912552377256
91660,3055.3,,,344.0674837944593,1258.4911346117105
91661,3055.3333333333335,,,344.76671543653987,1256.8282961467376
91662,3055.366666666667,,,344.90990859196546,1256.1892467932923
91663,3055.4,,,345.46745047527156,1256.348633913009
91664,3055.4333333333334,,,346.41019577668396,1258.490636755624
91665,3055.4666666666667,,,346.0138155775515,1260.835137141537
91666,3055.5,,,347.01057253128903,1264.4641714888132
91667,3055.5333333333333,,,346.9226770437651,1266.538859270866
91668,3055.5666666666666,,,348.0526458338385,1268.4550615229173
91669,3055.6,,,347.42241690661757,1269.073407761914
91670,3055.633333333333,,,347.7076957230263,1268.3766615924806
91671,3055.6666666666665,,,347.279991852242,1265.6259242523083
91672,3055.7,,,347.60996422617757,1262.97522137569
91673,3055.733333333333,,,348.25402057747846,1260.8846976111495
91674,3055.7666666666664,,,347.6550055478453,1259.7822955845825
91675,3055.8,,,348.94063056143045,1257.921303725822
91676,3055.8333333333335,,,349.30931830033825,1257.4589053926293
91677,3055.866666666667,,,349.5061582216078,1258.8321004378704
91678,3055.9,,,350.86435728038,1261.5828992653326
91679,3055.9333333333334,,,351.83902593267374,1264.4811725360782
91680,3055.9666666666667,,,352.6818102362384,1266.3224818468007
91681,3056,,,353.4647739528626,1267.7292859834893
91682,3056.0333333333333,,,353.4127216715109,1268.5921618047446
91683,3056.0666666666666,,,352.9630563583591,1267.7711586396404
91684,3056.1,,,352.3927556838813,1265.245138651597
91685,3056.133333333333,,,352.01977486659666,1262.8160414832064
91686,3056.1666666666665,,,352.70226325061066,1260.7972055499408
91687,3056.2,,,353.73232587328164,1258.7387761043128
91688,3056.233333333333,,,353.23180037941177,1257.7487379180857
91689,3056.2666666666664,,,353.5075350159332,1257.0122112066392
91690,3056.3,,,354.4683373839643,1257.5605141287838
91691,3056.3333333333335,,,355.15433325200866,1259.5480283969732
91692,3056.366666666667,,,356.0951724674388,1262.3985706927338
91693,3056.4,,,356.1145676203833,1264.857368232725
91694,3056.4333333333334,,,356.7151377730252,1266.550650398372
91695,3056.4666666666667,,,357.2760442493911,1267.895118154393
91696,3056.5,,,356.888981376884,1267.900758201908
91697,3056.5333333333333,,,357.67895816350006,1266.6638802841835
91698,3056.5666666666666,,,357.0789752837483,1264.3462346510498
91699,3056.6,,,357.029867283099,1262.1245394026619
91700,3056.633333333333,,,358.2961929326373,1259.900482463349
91701,3056.6666666666665,,,358.06257964925624,1258.5514078466151
91702,3056.7,,,357.5105633131091,1258.3501924932634
91703,3056.733333333333,,,359.44190757351373,1258.4538160650836
91704,3056.7666666666664,,,359.7552423622896,1260.2011156514468
91705,3056.8,,,360.35971616469436,1262.6092980148642
91706,3056.8333333333335,,,360.65991484442657,1264.9257377930558
91707,3056.866666666667,,,361.3686184067241,1266.513477858819
91708,3056.9,,,361.8768687669752,1267.5368022528746
91709,3056.9333333333334,,,361.8617816941385,1267.8658166916148
91710,3056.9666666666667,,,360.8295316985855,1267.2440832599123
91711,3057,,,361.04574382338063,1264.9169241326035
91712,3057.0333333333333,,,360.46002852448174,1262.6827652162608
91713,3057.0666666666666,,,360.97372251217564,1260.814525496286
91714,3057.1,,,362.17362181819635,1258.787107237859
91715,3057.133333333333,,,362.6374046487761,1257.5369158422386
91716,3057.1666666666665,,,362.9356219530009,1257.4169763211903
91717,3057.2,,,363.133426469012,1258.1784641382183
91718,3057.233333333333,,,364.31321146938535,1260.9589462051672
91719,3057.2666666666664,,,364.215723808178,1262.8866098654655
91720,3057.3,,,365.0366298271383,1265.2226805386413
91721,3057.3333333333335,,,364.57620667567505,1266.3220716711457
91722,3057.366666666667,,,365.1262971982826,1266.5755037946765
91723,3057.4,,,365.2856836950199,1266.3884493107312
91724,3057.4333333333334,,,365.23276203842175,1264.6875464120346
91725,3057.4666666666667,,,365.38054151709173,1262.2068551537764
91726,3057.5,,,366.19353125685615,1260.0070799539867
91727,3057.5333333333333,,,365.7978230849216,1258.9330890215329
91728,3057.5666666666666,,,366.9749657198038,1257.6058658590528
91729,3057.6,,,367.5124532091502,1257.4522371467667
91730,3057.633333333333,,,367.2533747662748,1257.801642212256
91731,3057.6666666666665,,,368.0211120356601,1259.8526715114444
91732,3057.7,,,368.0166171436799,1262.559540885943
91733,3057.733333333333,,,368.10504029354865,1264.7663011619302
91734,3057.7666666666664,,,368.32045085746535,1266.5954271635364
91735,3057.8,,,368.6417058451185,1267.2413829604725
91736,3057.8333333333335,,,368.6437533652249,1266.816476499142
91737,3057.866666666667,,,368.585275107343,1265.3669678326314
91738,3057.9,,,369.07493012267065,1262.9150889471207
91739,3057.9333333333334,,,369.71119371872845,1261.0477237681985
91740,3057.9666666666667,,,370.02819609885813,1259.4684914163813
91741,3058,,,369.4104566205646,1258.527257538752
91742,3058.0333333333333,,,370.9881873168982,1257.575372441467
91743,3058.0666666666666,,,371.5309100228033,1258.738929820643
91744,3058.1,,,371.89732226669946,1261.5018083755174
91745,3058.133333333333,,,371.74235300301626,1264.2669104987503
91746,3058.1666666666665,,,371.50563422956566,1266.356309050824
91747,3058.2,,,373.0378828793219,1267.7102616245686
91748,3058.233333333333,,,372.1661481817148,1269.016645323502
91749,3058.2666666666664,,,371.43506646894957,1269.178421821486
91750,3058.3,,,371.57939052133116,1268.4565804467538
91751,3058.3333333333335,,,372.28999199746346,1265.7293185922863
91752,3058.366666666667,,,373.1278309526218,1262.7582625687605
91753,3058.4,,,372.5026776413722,1261.4976860064605
91754,3058.4333333333334,,,374.80394735764963,1259.024292263104
91755,3058.4666666666667,,,374.99189916829346,1258.4341192879674
91756,3058.5,,,374.9821827810239,1257.9285942219703
91757,3058.5333333333333,,,375.1539870373313,1258.2958172443532
91758,3058.5666666666666,,,375.6181134755956,1259.3614533265732
91759,3058.6,,,375.8355655983601,1262.2070673343042
91760,3058.633333333333,,,375.48092831236215,1265.4927395579234
91761,3058.6666666666665,,,375.81425723276675,1267.3415812652179
91762,3058.7,,,375.86743552308377,1268.4214076076223
91763,3058.733333333333,,,377.1913178583472,1269.4780672281952
91764,3058.7666666666664,,,376.3117279831968,1268.8713244242272
91765,3058.8,,,376.67982631495545,1266.6960420761047
91766,3058.8333333333335,,,377.8673106937868,1264.308735105285
91767,3058.866666666667,,,377.88573994289743,1262.3484577920028
91768,3058.9,,,378.31241235479695,1260.943539923641
91769,3058.9333333333334,,,379.5564914226823,1259.535914758429
91770,3058.9666666666667,,,379.9423756631914,1259.0050780800134
91771,3059,,,380.45731241693187,1259.5591044034327
91772,3059.0333333333333,,,379.9925231678791,1261.4988441586504
91773,3059.0666666666666,,,379.726521979502,1265.1743449393734
91774,3059.1,,,379.72305681809695,1268.2530797908398
91775,3059.133333333333,,,379.8733679919715,1270.326751619853
91776,3059.1666666666665,,,379.5955899602606,1271.7919979978465
91777,3059.2,,,378.996513845673,1272.549063225857
91778,3059.233333333333,,,379.4525456501038,1272.5534656474902
91779,3059.2666666666664,,,378.51290480949285,1270.5574926991342
91780,3059.3,,,380.278769616896,1267.0862710792376
91781,3059.3333333333335,,,381.9085817137804,1264.644473891969
91782,3059.366666666667,,,382.6025428851217,1262.6915190079962
91783,3059.4,,,383.5939296078796,1261.4078818547837
91784,3059.4333333333334,,,384.10609019594625,1261.4452228102127
91785,3059.4666666666667,,,384.20345588254816,1262.8317093726928
91786,3059.5,,,383.75912078109434,1265.1994349265992
91787,3059.5333333333333,,,383.7145484561091,1267.933124216196
91788,3059.5666666666666,,,384.3017328899622,1270.5171281688113
91789,3059.6,,,384.02293531399147,1271.7880776628376
91790,3059.633333333333,,,383.68158939819676,1272.2925431632711
91791,3059.6666666666665,,,382.94186477491013,1272.2334444043959
91792,3059.7,,,384.1018520556596,1270.4493923970726
91793,3059.733333333333,,,383.9060125330694,1268.156809002277
91794,3059.7666666666664,,,386.39959969777834,1265.8875241954697
91795,3059.8,,,387.00042675729526,1264.497022310385
91796,3059.8333333333335,,,387.73064603743,1263.400382534534
91797,3059.866666666667,,,387.91293207931903,1263.2005143829833
91798,3059.9,,,388.28329029414255,1263.787576151477
91799,3059.9333333333334,,,388.3737590584508,1266.793406869409
91800,3059.9666666666667,,,387.5671955285907,1270.0161813386171
91801,3060,,,387.29560709860283,1272.8692539904982
91802,3060.0333333333333,,,386.9147848894911,1274.7481462285145
91803,3060.0666666666666,,,387.0441165279224,1275.907834102953
91804,3060.1,,,386.3881248121498,1275.6104208197191
91805,3060.133333333333,,,386.88051852329215,1273.6862203427713
91806,3060.1666666666665,,,389.32850981699056,1270.3151579832434
91807,3060.2,,,389.7660955650264,1268.493717856411
91808,3060.233333333333,,,390.8491016767306,1266.8123518152775
91809,3060.2666666666664,,,391.4180591568793,1265.859223152786
91810,3060.3,,,392.161518343919,1265.2634594039187
91811,3060.3333333333335,,,392.6573688850024,1265.5253709019812
91812,3060.366666666667,,,393.05287654525085,1267.7213816126232
91813,3060.4,,,391.8596936195604,1270.2618426640888
91814,3060.4333333333334,,,391.7135399565335,1272.8034834780842
91815,3060.4666666666667,,,391.3125958109783,1274.8826163758386
91816,3060.5,,,390.8970097321231,1275.4411184525711
91817,3060.5333333333333,,,391.1715949573929,1275.8989956616997
91818,3060.5666666666666,,,391.0845932626799,1274.3298377104015
91819,3060.6,,,391.69323603843776,1272.0073551817986
91820,3060.633333333333,,,394.1962716777827,1270.5474684840158
91821,3060.6666666666665,,,395.49856779905326,1268.7945968489785
91822,3060.7,,,396.0055951914916,1267.9735207577633
91823,3060.733333333333,,,396.67540862943395,1267.731017806686
91824,3060.7666666666664,,,396.20436005377445,1267.833667785072
91825,3060.8,,,396.43891969834266,1270.1109512697399
91826,3060.8333333333335,,,395.1020860687087,1272.1276776812874
91827,3060.866666666667,,,394.3698615570944,1274.6854359961667
91828,3060.9,,,394.2858017170341,1276.3198535489541
91829,3060.9333333333334,,,393.7806743578438,1277.199127227972
91830,3060.9666666666667,,,393.75693833974077,1277.5722277656091
91831,3061,,,393.3468899001821,1275.9724410302747
91832,3061.0333333333333,,,395.19158360618025,1274.5096093433085
91833,3061.0666666666666,,,396.53265657022587,1272.4618215903774
91834,3061.1,,,397.8683884656773,1271.6242835419355
91835,3061.133333333333,,,399.27176481236404,1270.6984194373242
91836,3061.1666666666665,,,399.2878154228768,1270.0149786238558
91837,3061.2,,,400.12811249762314,1270.6291050273767
91838,3061.233333333333,,,399.1580961642332,1271.6110649835462
91839,3061.2666666666664,,,398.52070580654544,1274.2905009286358
91840,3061.3,,,397.78528308522806,1277.535044948427
91841,3061.3333333333335,,,396.74440679260806,1279.302093245504
91842,3061.366666666667,,,396.4453341490003,1280.5054561138613
91843,3061.4,,,396.2386671788623,1281.0822944727797
91844,3061.4333333333334,,,395.64986327944484,1279.9131746866576
91845,3061.4666666666667,,,396.4257501552081,1277.3834760272462
91846,3061.5,,,400.03160314943636,1275.4603271301803
91847,3061.5333333333333,,,401.07282545130175,1274.0223759112157
91848,3061.5666666666666,,,402.5730382737631,1273.1918819665998
91849,3061.6,,,403.4830110472632,1272.424219255778
91850,3061.633333333333,,,403.2525761686293,1272.138565625055
91851,3061.6666666666665,,,403.24328437880354,1273.7187486552484
91852,3061.7,,,402.28669095844407,1275.9580187931033
91853,3061.733333333333,,,401.41936059401104,1278.7523050173365
91854,3061.7666666666664,,,400.2930564019177,1279.8853551330449
91855,3061.8,,,400.3115627681498,1280.9828478770662
91856,3061.8333333333335,,,400.25316151248643,1281.8530722945789
91857,3061.866666666667,,,400.12794204236053,1281.671358345725
91858,3061.9,,,400.27025399664745,1280.3444712059236
91859,3061.9333333333334,,,402.92825419381114,1277.4942413136446
91860,3061.9666666666667,,,404.74672750748516,1276.3701026361218
91861,3062,,,406.02258800498,1274.6610238967605
91862,3062.0333333333333,,,407.51777192872225,1273.6401128650039
91863,3062.0666666666666,,,408.1017669666377,1273.4707892304586
91864,3062.1,,,407.97053365738594,1273.3865519776614
91865,3062.133333333333,,,407.2656180572161,1274.866211086049
91866,3062.1666666666665,,,406.3798420938008,1278.3798042182639
91867,3062.2,,,405.5395829482933,1280.5943960559002
91868,3062.233333333333,,,404.9840849233907,1282.5345698580318
91869,3062.2666666666664,,,404.8922926776801,1283.5820697965041
91870,3062.3,,,404.764955171869,1283.9417820451952
91871,3062.3333333333335,,,404.2307639741494,1283.3016050907986
91872,3062.366666666667,,,404.66022817959146,1281.4583831190844
91873,3062.4,,,407.5955065925664,1279.532487319539
91874,3062.4333333333334,,,409.4606804437783,1277.668446827747
91875,3062.4666666666667,,,410.7528086345433,1276.5529975976426
91876,3062.5,,,411.5824264213622,1276.0843796013842
91877,3062.5333333333333,,,411.7144109654548,1275.5434758377614
91878,3062.5666666666666,,,411.2177134262848,1275.7601198053758
91879,3062.6,,,410.67314355455557,1278.5786630634966
91880,3062.633333333333,,,409.61121558700967,1281.4002134015136
91881,3062.6666666666665,,,408.7433941980029,1284.246733977092
91882,3062.7,,,408.1815523029197,1285.902589741962
91883,3062.733333333333,,,408.0470737590819,1287.4132983158495
91884,3062.7666666666664,,,407.4127257880586,1287.4178599190086
91885,3062.8,,,406.9965801968149,1285.7223102534572
91886,3062.8333333333335,,,409.76204533393417,1283.426996970572
91887,3062.866666666667,,,413.79734104280914,1280.7027759805535
91888,3062.9,,,413.8944751831876,1279.7813287280592
91889,3062.9333333333334,,,415.0091355976027,1279.056728148129
91890,3062.9666666666667,,,415.5552984733067,1278.4026536980257
91891,3063,,,415.8995013232815,1279.2594610474264
91892,3063.0333333333333,,,414.8253294319806,1280.4104312497348
91893,3063.0666666666666,,,414.0272357705983,1282.7094785886788
91894,3063.1,,,413.2657602177472,1284.7878564914345
91895,3063.133333333333,,,412.99933658332213,1285.9142434574178
91896,3063.1666666666665,,,413.4879090966809,1286.8220578629393
91897,3063.2,,,413.1925700741458,1286.8851977135964
91898,3063.233333333333,,,413.25131082857257,1286.308357722578
91899,3063.2666666666664,,,413.21961430261877,1285.0708121791201
91900,3063.3,,,413.9165727285091,1283.513125136697
91901,3063.3333333333335,,,416.8209670105222,1281.515107864298
91902,3063.366666666667,,,418.3733888008574,1279.3795267667417
91903,3063.4,,,418.9300973791051,1278.258624654424
91904,3063.4333333333334,,,419.44939295277345,1277.47210434284
91905,3063.4666666666667,,,419.807114565337,1276.9150750861836
91906,3063.5,,,418.8493576090368,1277.3990650328346
91907,3063.5333333333333,,,418.5794612945024,1281.2491937629284
91908,3063.5666666666666,,,417.93560272312016,1285.3759873817771
91909,3063.6,,,417.21704315128886,1287.6285273522508
91910,3063.633333333333,,,417.26420938339754,1288.8921069080784
91911,3063.6666666666665,,,417.60580454780126,1290.626000578638
91912,3063.7,,,417.55244335109325,1291.1954630781017
91913,3063.733333333333,,,416.84952009180364,1290.931518845529
91914,3063.7666666666664,,,417.51684722014335,1289.935587643587
91915,3063.8,,,420.1847421762642,1286.8539507242003
91916,3063.8333333333335,,,420.2847358125662,1284.6989689308218
91917,3063.866666666667,,,421.4523069891429,1282.1276594447968
91918,3063.9,,,422.70243513012974,1280.4769315581211
91919,3063.9333333333334,,,422.97275747527044,1278.699324340068
91920,3063.9666666666667,,,423.32605034092904,1277.74750722234
91921,3064,,,422.805359100893,1278.2173306939785
91922,3064.0333333333333,,,423.30614454720893,1281.1976049514078
91923,3064.0666666666666,,,422.5229735039312,1284.7490897116586
91924,3064.1,,,422.8146301607302,1286.9107682930096
91925,3064.133333333333,,,424.50885920664814,1287.9303912644027
91926,3064.1666666666665,,,423.2790777254663,1288.4394948014378
91927,3064.2,,,423.68262689556656,1288.558597389951
91928,3064.233333333333,,,423.401683244403,1288.292809704205
91929,3064.2666666666664,,,423.9614134415616,1286.6067002219506
91930,3064.3,,,423.953854782664,1284.846559730604
91931,3064.3333333333335,,,425.0840084368797,1282.6276341993307
91932,3064.366666666667,,,425.9820053725077,1280.8394347428425
91933,3064.4,,,426.06399876222343,1279.7389915285694
91934,3064.4333333333334,,,426.4900532429051,1278.5113214277665
91935,3064.4666666666667,,,425.57083666156586,1278.8141239793576
91936,3064.5,,,426.7101240769603,1281.2065616052944
91937,3064.5333333333333,,,427.02879736064835,1284.056295476838
91938,3064.5666666666666,,,427.78165671452257,1286.9187034237661
91939,3064.6,,,428.0192044024271,1288.307292616113
91940,3064.633333333333,,,428.6051547381629,1289.1559373217756
91941,3064.6666666666665,,,429.6644880447517,1289.564209869282
91942,3064.7,,,430.0791920209775,1289.5074074242473
91943,3064.733333333333,,,429.9277623809125,1289.3993727688871
91944,3064.7666666666664,,,429.17695869213463,1288.099704888798
91945,3064.8,,,428.85917419044426,1285.6686299517492
91946,3064.8333333333335,,,428.05654521041777,1283.5948751597384
91947,3064.866666666667,,,428.5703128770809,1280.836626235624
91948,3064.9,,,429.2311734699903,1278.7067494165296
91949,3064.9333333333334,,,428.23759301848605,1278.3865056397892
91950,3064.9666666666667,,,429.5461845731825,1277.6647784576521
91951,3065,,,429.5302653636105,1279.4681951468556
91952,3065.0333333333333,,,429.14410097299844,1281.5227248980732
91953,3065.0666666666666,,,429.99972452019944,1283.4975882155718
91954,3065.1,,,431.4323562738814,1284.5097175063834
91955,3065.133333333333,,,432.24991378336995,1285.233068141981
91956,3065.1666666666665,,,433.30016915992644,1285.3321347850738
91957,3065.2,,,433.43509022196326,1285.1661857560912
91958,3065.233333333333,,,432.5823837803784,1284.045731038796
91959,3065.2666666666664,,,432.4296066622706,1282.7757217941758
91960,3065.3,,,432.1003160559364,1280.385807045895
91961,3065.3333333333335,,,430.56689760235884,1278.976932778312
91962,3065.366666666667,,,430.4554321126703,1276.5881165892602
91963,3065.4,,,429.74307619425656,1275.6761192332938
91964,3065.4333333333334,,,429.9230885999872,1274.388314989807
91965,3065.4666666666667,,,431.117299537861,1274.8891408882403
91966,3065.5,,,431.67013121969916,1276.698643124849
91967,3065.5333333333333,,,432.2401878805521,1279.1585369673467
91968,3065.5666666666666,,,433.6285911450418,1281.5280313735561
91969,3065.6,,,433.8158476047651,1282.8493774806407
91970,3065.633333333333,,,437.04824676249495,1283.3878975637222
91971,3065.6666666666665,,,435.88432098785927,1284.1832893948579
91972,3065.7,,,438.5140454833942,1283.3385315491548
91973,3065.733333333333,,,438.88381540097225,1283.2424450209078
91974,3065.7666666666664,,,438.0366715977657,1282.986922962445
91975,3065.8,,,437.34501195356734,1281.2684134329902
91976,3065.8333333333335,,,436.23586923044195,1278.9116355206402
91977,3065.866666666667,,,434.72425920629223,1277.6479882161486
91978,3065.9,,,433.74879544573207,1276.0470484427556
91979,3065.9333333333334,,,432.9522423566337,1275.0947066049305
91980,3065.9666666666667,,,432.5882666776728,1273.0712561727678
91981,3066,,,432.23631945041996,1271.5175048947594
91982,3066.0333333333333,,,432.09609858770204,1270.7309061057222
91983,3066.0666666666666,,,432.78516603169857,1270.5980756568492
91984,3066.1,,,432.90930618752094,1271.2460705784797
91985,3066.133333333333,,,434.8210545432175,1273.0423948884063
91986,3066.1666666666665,,,435.52536726360836,1274.4587417954576
91987,3066.2,,,437.5604326013307,1275.0413838545405
91988,3066.233333333333,,,436.1190605873848,1277.203861670864
91989,3066.2666666666664,,,437.2557062613055,1277.6975571082955
91990,3066.3,,,438.45865432762787,1277.9125980067472
91991,3066.3333333333335,,,438.1303371207173,1278.3352025410704
91992,3066.366666666667,,,439.1808912843254,1276.407691071869
91993,3066.4,,,438.2166409921313,1276.0075441007339
91994,3066.4333333333334,,,437.58665975357263,1274.5865819826608
91995,3066.4666666666667,,,436.5458923110315,1272.8439879305301
91996,3066.5,,,436.34922553066724,1270.488831295169
91997,3066.5333333333333,,,436.1604082003421,1269.20821617637
91998,3066.5666666666666,,,435.39734329685695,1269.089929186256
91999,3066.6,,,435.6774454502078,1269.236864595482
92000,3066.633333333333,,,437.81476275770103,1270.5424698170873
92001,3066.6666666666665,,,439.49962695729954,1272.4583736099735
92002,3066.7,,,441.2783103048411,1274.3354358208826
92003,3066.733333333333,,,442.4974683245535,1275.0339441933336
92004,3066.7666666666664,,,442.345724248422,1276.1611234170628
92005,3066.8,,,443.5339650500834,1276.8296502013022
92006,3066.8333333333335,,,444.72967503474473,1276.8046390173986
92007,3066.866666666667,,,445.5866220054725,1276.0578001754554
92008,3066.9,,,444.9537299655645,1274.6324015926557
92009,3066.9333333333334,,,443.1109912383176,1274.3144974688475
92010,3066.9666666666667,,,442.352875848755,1271.8447016414711
92011,3067,,,441.22734864372757,1271.5322926088975
92012,3067.0333333333333,,,440.18741304305524,1269.2719153081025
92013,3067.0666666666666,,,439.4371011316466,1267.8345427902855
92014,3067.1,,,438.6837356563359,1267.2528231288147
92015,3067.133333333333,,,438.9487022482101,1266.0553253644662
92016,3067.1666666666665,,,439.8140055340265,1266.1134379181192
92017,3067.2,,,440.2383898431991,1266.552618659085
92018,3067.233333333333,,,442.43464727514106,1267.9728557009703
92019,3067.2666666666664,,,443.35429986443415,1269.2623011316823
92020,3067.3,,,445.01097391560165,1269.691502199115
92021,3067.3333333333335,,,443.971742134008,1271.788963434184
92022,3067.366666666667,,,446.48198443319,1271.0959806030492
92023,3067.4,,,447.03191238703045,1271.2637699358513
92024,3067.4333333333334,,,447.14862692633574,1271.273558054048
92025,3067.4666666666667,,,446.18704442252744,1270.938551934929
92026,3067.5,,,445.97154541507393,1269.409376565403
92027,3067.5333333333333,,,444.9376270038479,1268.4604047857229
92028,3067.5666666666666,,,443.1696599862801,1267.5555982301967
92029,3067.6,,,442.2795309864865,1266.2478612122468
92030,3067.633333333333,,,441.2684535572403,1266.421473345238
92031,3067.6666666666665,,,440.5525205441611,1265.167824639601
92032,3067.7,,,440.23911192197573,1263.9291492646234
92033,3067.733333333333,,,440.34655344855906,1262.7702990451476
92034,3067.7666666666664,,,440.965156242914,1262.1573152291332
92035,3067.8,,,440.6538269325345,1262.766360778523
92036,3067.8333333333335,,,442.5174042644702,1262.8477364574846
92037,3067.866666666667,,,444.8125562002027,1264.447951773397
92038,3067.9,,,446.43110891554306,1265.852521577251
92039,3067.9333333333334,,,448.2375727442219,1267.7070148680164
92040,3067.9666666666667,,,449.57050556235083,1269.3483326825713
92041,3068,,,450.22943140132725,1270.1880285702714
92042,3068.0333333333333,,,451.5613665316727,1269.778123572571
92043,3068.0666666666666,,,450.39874777803334,1269.6088888192726
92044,3068.1,,,449.2644491546524,1267.600209243354
92045,3068.133333333333,,,447.9832706620698,1266.3780340748317
92046,3068.1666666666665,,,447.3428654439832,1265.3859148142428
92047,3068.2,,,447.53731844076333,1263.9743332075986
92048,3068.233333333333,,,447.13536161037337,1262.8211648481224
92049,3068.2666666666664,,,447.26186363631416,1262.1881919429352
92050,3068.3,,,447.72854785788024,1261.2198553304354
92051,3068.3333333333335,,,448.61548269904074,1260.971834161705
92052,3068.366666666667,,,447.22980986354173,1261.8755003834995
92053,3068.4,,,448.028259077868,1261.6460562142383
92054,3068.4333333333334,,,448.80989092692573,1261.7972896531478
92055,3068.4666666666667,,,449.89656381931604,1262.405409809917
92056,3068.5,,,451.16677188599516,1264.5010329618617
92057,3068.5333333333333,,,451.49757985613576,1265.5717191210979
92058,3068.5666666666666,,,451.9657713008496,1267.181632543266
92059,3068.6,,,452.2461227363625,1268.6011903703732
92060,3068.633333333333,,,453.2331128417727,1269.4221008113982
92061,3068.6666666666665,,,453.5988042379395,1269.5727688097827
92062,3068.7,,,453.7753523103882,1268.420173588543
92063,3068.733333333333,,,452.21353599720186,1267.3517744619476
92064,3068.7666666666664,,,452.17089078492916,1265.5429471517605
92065,3068.8,,,452.2256832644459,1263.921767601068
92066,3068.8333333333335,,,453.1412997927425,1262.3598194187675
92067,3068.866666666667,,,453.1197795313878,1261.9727187458793
92068,3068.9,,,453.07142397644867,1261.448169431485
92069,3068.9333333333334,,,453.948560121021,1260.949092305073
92070,3068.9666666666667,,,452.36724836768605,1261.4015772396592
92071,3069,,,454.1853452487359,1263.108641559184
92072,3069.0333333333333,,,455.0349907631175,1265.6370677185655
92073,3069.0666666666666,,,455.6001916843875,1268.7555837753991
92074,3069.1,,,456.06226473266315,1271.1343196895084
92075,3069.133333333333,,,457.33936998223015,1273.4638072124426
92076,3069.1666666666665,,,457.67375010015326,1274.5202419715074
92077,3069.2,,,459.46107010271226,1273.8120548810648
92078,3069.233333333333,,,457.7425895373923,1273.073820690634
92079,3069.2666666666664,,,456.14397015154714,1270.3773507722267
92080,3069.3,,,455.9606801866322,1267.8388041994328
92081,3069.3333333333335,,,455.73249456734317,1265.3483200803946
92082,3069.366666666667,,,457.42444560235276,1262.7109683264916
92083,3069.4,,,457.4081709415723,1261.5535981217981
92084,3069.4333333333334,,,457.1175148780385,1261.4320083399807
92085,3069.4666666666667,,,456.33533207067876,1261.7388908665394
92086,3069.5,,,458.66924145082226,1264.637521743054
92087,3069.5333333333333,,,459.54720364445006,1267.2203309304728
92088,3069.5666666666666,,,460.82276144706094,1269.708975871028
92089,3069.6,,,461.2451140970294,1270.848168175733
92090,3069.633333333333,,,461.2964841074443,1271.504458624489
92091,3069.6666666666665,,,462.06788072676386,1271.3267830716961
92092,3069.7,,,461.36390990172686,1269.4490035325446
92093,3069.733333333333,,,460.1175969894853,1267.9667667683555
92094,3069.7666666666664,,,460.2223515966257,1265.768425612172
92095,3069.8,,,461.3423838774907,1263.6978058103366
92096,3069.8333333333335,,,461.89926392388946,1262.4212598882705
92097,3069.866666666667,,,462.1627100628391,1261.5582852651935
92098,3069.9,,,462.1885499436832,1261.3767466781226
92099,3069.9333333333334,,,460.78474940852277,1261.3842491886585
92100,3069.9666666666667,,,462.34825488296167,1263.825564981519
92101,3070,,,463.5804016775571,1267.1004473283813
92102,3070.0333333333333,,,464.36393977366686,1269.8230743409267
92103,3070.0666666666666,,,464.71317590208923,1271.9573865560224
92104,3070.1,,,465.1822222294681,1273.2306178073131
92105,3070.133333333333,,,465.4701118566725,1273.5552480923832
92106,3070.1666666666665,,,465.93448219933646,1273.0738859124579
92107,3070.2,,,465.4543731844191,1270.4589324496005
92108,3070.233333333333,,,464.5890618039033,1268.4618877069606
92109,3070.2666666666664,,,466.0775129715235,1265.9570292497106
92110,3070.3,,,466.2314484328016,1264.459492061124
92111,3070.3333333333335,,,466.7441638828654,1263.5102240935205
92112,3070.366666666667,,,466.7235538347696,1262.6147843581948
92113,3070.4,,,466.19560355797205,1262.932888295274
92114,3070.4333333333334,,,467.29889687144885,1263.615022322138
92115,3070.4666666666667,,,470.0578949412598,1267.6350164775417
92116,3070.5,,,469.7369077522001,1269.682086253546
92117,3070.5333333333333,,,468.71683742458157,1271.14404582548
92118,3070.5666666666666,,,469.20648271335904,1272.3176892089677
92119,3070.6,,,469.67415116490764,1272.6085368299591
92120,3070.633333333333,,,470.4383302260399,1271.9490913430684
92121,3070.6666666666665,,,470.0066046166903,1269.9975081454115
92122,3070.7,,,469.3690678538351,1268.2464855963308
92123,3070.733333333333,,,469.89291839493734,1266.4635543299942
92124,3070.7666666666664,,,470.22038886461667,1264.8526137190868
92125,3070.8,,,470.93259556716276,1263.463585304618
92126,3070.8333333333335,,,471.61011122162404,1262.4273728325343
92127,3070.866666666667,,,470.558889027432,1262.4713820714976
92128,3070.9,,,472.0571041866686,1265.045854095696
92129,3070.9333333333334,,,472.64999671123365,1267.6315522885764
92130,3070.9666666666667,,,473.4902959807888,1270.075434729121
92131,3071,,,474.52360647770183,1271.5294670444819
92132,3071.0333333333333,,,474.4506265908298,1272.5765074739013
92133,3071.0666666666666,,,475.50853749062975,1272.8822066063294
92134,3071.1,,,475.0909662364631,1271.9845753680856
92135,3071.133333333333,,,474.3472525114749,1269.6733463473506
92136,3071.1666666666665,,,474.30570706172193,1266.8280422949492
92137,3071.2,,,473.32950961974626,1265.5143259438678
92138,3071.233333333333,,,473.49629753256636,1263.6683791774017
92139,3071.2666666666664,,,473.3419634337777,1261.7824334738464
92140,3071.3,,,473.01650776392006,1260.9798986882988
92141,3071.3333333333335,,,474.14363514858456,1260.4762548946078
92142,3071.366666666667,,,475.87792499386535,1262.7616926518124
92143,3071.4,,,478.0969283715222,1265.4166722849618
92144,3071.4333333333334,,,475.48134114549225,1267.4837784400574
92145,3071.4666666666667,,,475.90773699037993,1268.5626686780656
92146,3071.5,,,475.9515648022791,1268.4279728047081
92147,3071.5333333333333,,,478.17870711448336,1268.9908870945937
92148,3071.5666666666666,,,477.7082644104988,1269.0481322223025
92149,3071.6,,,477.2320407612686,1267.4337278424696
92150,3071.633333333333,,,476.8485048826802,1265.726383409094
92151,3071.6666666666665,,,476.975290950651,1263.4647488331748
92152,3071.7,,,476.44907978338586,1261.9724910689993
92153,3071.733333333333,,,476.1706791053893,1260.6518180308663
92154,3071.7666666666664,,,476.64164956513423,1259.2983547498557
92155,3071.8,,,477.8128501720499,1259.3120725064864
92156,3071.8333333333335,,,478.2318378402313,1260.6683283509446
92157,3071.866666666667,,,479.5387758484073,1263.2953419162245
92158,3071.9,,,480.4934319746893,1265.9419651119902
92159,3071.9333333333334,,,480.17738841970987,1267.45758384592
92160,3071.9666666666667,,,480.7656085526983,1268.4925129879016
92161,3072,,,483.2656976148642,1269.0602384892254
92162,3072.0333333333333,,,483.6663748147454,1268.7945720700018
92163,3072.0666666666666,,,483.7705800470213,1268.1606095117163
92164,3072.1,,,482.4787291206508,1265.3686536061045
92165,3072.133333333333,,,480.17769851237637,1265.9929835272449
92166,3072.1666666666665,,,479.51384861216616,1264.0369874695334
92167,3072.2,,,479.15933271934585,1261.4592918628246
92168,3072.233333333333,,,479.2257424603198,1259.3676442307712
92169,3072.2666666666664,,,478.32527722061155,1259.0614947192919
92170,3072.3,,,477.48003713332884,1259.3118304585928
92171,3072.3333333333335,,,480.7384320860406,1260.0785989623614
92172,3072.366666666667,,,484.1188175488881,1261.7862163485697
92173,3072.4,,,482.8593003080035,1264.5115617625959
92174,3072.4333333333334,,,483.9750509844876,1265.3331910728748
92175,3072.4666666666667,,,484.6205419333741,1265.9910238575467
92176,3072.5,,,484.6826826152863,1266.1401655137568
92177,3072.5333333333333,,,485.50840313298005,1265.6773267447643
92178,3072.5666666666666,,,483.8906747216329,1264.78333415023
92179,3072.6,,,484.03343485313013,1262.3150240344958
92180,3072.633333333333,,,483.32834753047865,1258.7520448690298
92181,3072.6666666666665,,,481.55520536641836,1256.3818634369413
92182,3072.7,,,478.7848258275511,1257.9173497693462
92183,3072.733333333333,,,477.73976820402436,1256.811969727005
92184,3072.7666666666664,,,477.6985676932719,1255.1159920475784
92185,3072.8,,,478.7459397118337,1255.3206652033132
92186,3072.8333333333335,,,484.7153771423973,1255.8200823480443
92187,3072.866666666667,,,486.4868189397981,1257.9413596361678
92188,3072.9,,,489.1970678663497,1260.0792563784878
92189,3072.9333333333334,,,,,,
92190,3072.9666666666667,,,,,,
92191,3073,,,,,,
92192,3073.0333333333333,,,,,,
92193,3073.0666666666666,,,,,,
92194,3073.1,,,,,,
92195,3073.133333333333,,,,,,
92196,3073.1666666666665,,,,,,
92197,3073.2,,,,,,
92198,3073.233333333333,,,,,,
92199,3073.2666666666664,,,,,,
92200,3073.3,,,,,,
92201,3073.3333333333335,,,,,,
92202,3073.366666666667,,,,,,
92203,3073.4,,,,,,
92204,3073.4333333333334,,,,,,
92205,3073.4666666666667,,,,,,
92206,3073.5,,,,,,
92207,3073.5333333333333,,,,,,
92208,3073.5666666666666,,,,,,
92209,3073.6,,,,,,
92210,3073.633333333333,,,,,,
92211,3073.6666666666665,,,,,,
92212,3073.7,,,,,,
92213,3073.733333333333,,,,,,
92214,3073.7666666666664,,,,,,
92215,3073.8,,,,,,
92216,3073.8333333333335,,,,,,
92217,3073.866666666667,,,,,,
92218,3073.9,,,,,,
92219,3073.9333333333334,,,,,,
92220,3073.9666666666667,,,,,,
92221,3074,,,,,,
92222,3074.0333333333333,,,,,,
92223,3074.0666666666666,,,,,,
92224,3074.1,,,,,,
92225,3074.133333333333,,,,,,
92226,3074.1666666666665,,,,,,
92227,3074.2,,,,,,
92228,3074.233333333333,,,,,,
92229,3074.2666666666664,,,,,,
92230,3074.3,,,,,,
92231,3074.3333333333335,,,,,,
92232,3074.366666666667,,,,,,
92233,3074.4,,,,,,
92234,3074.4333333333334,,,,,,
92235,3074.4666666666667,,,,,,
92236,3074.5,,,,,,
92237,3074.5333333333333,,,,,,
92238,3074.5666666666666,,,,,,
92239,3074.6,,,,,,
92240,3074.633333333333,,,,,,
92241,3074.6666666666665,,,,,,
92242,3074.7,,,,,,
92243,3074.733333333333,,,,,,
92244,3074.7666666666664,,,,,,
92245,3074.8,,,,,,
92246,3074.8333333333335,,,,,,
92247,3074.866666666667,,,,,,
92248,3074.9,,,,,,
92249,3074.9333333333334,,,,,,
92250,3074.9666666666667,,,,,,
92251,3075,,,,,,
92252,3075.0333333333333,,,,,,
92253,3075.0666666666666,,,,,,
92254,3075.1,,,,,,
92255,3075.133333333333,,,,,,
92256,3075.1666666666665,,,,,,
92257,3075.2,,,,,,
92258,3075.233333333333,,,,,,
92259,3075.2666666666664,,,,,,
92260,3075.3,,,,,,
92261,3075.3333333333335,,,,,,
92262,3075.366666666667,,,,,,
92263,3075.4,,,,,,
92264,3075.4333333333334,,,,,,
92265,3075.4666666666667,,,,,,
92266,3075.5,,,,,,
92267,3075.5333333333333,,,,,,
92268,3075.5666666666666,,,,,,
92269,3075.6,,,,,,
92270,3075.633333333333,,,,,,
92271,3075.6666666666665,,,,,,
92272,3075.7,,,,,,
92273,3075.733333333333,,,,,,
92274,3075.7666666666664,,,,,,
92275,3075.8,,,,,,
92276,3075.8333333333335,,,,,,
92277,3075.866666666667,,,,,,
92278,3075.9,,,,,,
92279,3075.9333333333334,,,,,,
92280,3075.9666666666667,,,,,,
92281,3076,,,,,,
92282,3076.0333333333333,,,,,,
92283,3076.0666666666666,,,,,,
92284,3076.1,,,,,,
92285,3076.133333333333,,,,,,
92286,3076.1666666666665,,,,,,
92287,3076.2,,,,,,
92288,3076.233333333333,,,,,,
92289,3076.2666666666664,,,,,,
92290,3076.3,,,,,,
92291,3076.3333333333335,,,,,,
92292,3076.366666666667,,,,,,
92293,3076.4,,,,,,
92294,3076.4333333333334,,,,,,
92295,3076.4666666666667,,,,,,
92296,3076.5,,,,,,
92297,3076.5333333333333,,,,,,
92298,3076.5666666666666,,,,,,
92299,3076.6,,,,,,
92300,3076.633333333333,,,,,,
92301,3076.6666666666665,,,,,,
92302,3076.7,,,,,,
92303,3076.733333333333,,,,,,
92304,3076.7666666666664,,,,,,
92305,3076.8,,,,,,
92306,3076.8333333333335,,,,,,
92307,3076.866666666667,,,,,,
92308,3076.9,,,,,,
92309,3076.9333333333334,,,,,,
92310,3076.9666666666667,,,,,,
92311,3077,,,,,,
92312,3077.0333333333333,,,,,,
92313,3077.0666666666666,,,,,,
92314,3077.1,,,,,,
92315,3077.133333333333,,,,,,
92316,3077.1666666666665,,,,,,
92317,3077.2,,,,,,
92318,3077.233333333333,,,,,,
92319,3077.2666666666664,,,,,,
92320,3077.3,,,,,,
92321,3077.3333333333335,,,,,,
92322,3077.366666666667,,,,,,
92323,3077.4,,,,,,
92324,3077.4333333333334,,,,,,
92325,3077.4666666666667,,,,,,
92326,3077.5,,,,,,
92327,3077.5333333333333,,,,,,
92328,3077.5666666666666,,,,,,
92329,3077.6,,,,,,
92330,3077.633333333333,,,,,,
92331,3077.6666666666665,,,,,,
92332,3077.7,,,,,,
92333,3077.733333333333,,,,,,
92334,3077.7666666666664,,,,,,
92335,3077.8,,,,,,
92336,3077.8333333333335,,,,,,
92337,3077.866666666667,,,,,,
92338,3077.9,,,,,,
92339,3077.9333333333334,,,,,,
92340,3077.9666666666667,,,,,,
92341,3078,,,,,,
92342,3078.0333333333333,,,,,535.650535055525,1268.7646836796641
92343,3078.0666666666666,,,,,533.1146447807834,1266.6826606299353
92344,3078.1,,,,,534.0255020526328,1267.2407882671355
92345,3078.133333333333,,,,,542.5171569275276,1271.7013307914149
92346,3078.1666666666665,,,,,542.9878381410696,1271.9485267016842
92347,3078.2,,,,,542.1679832405329,1271.2466521213369
92348,3078.233333333333,,,,,544.3243302059278,1272.8198093408591
92349,3078.2666666666664,,,,,543.6553513622971,1272.8423886577543
92350,3078.3,,,,,542.6206187503682,1272.4591569338604
92351,3078.3333333333335,,,,,542.4102568157152,1271.7942199013346
92352,3078.366666666667,,,,,542.472450770496,1271.6903990509854
92353,3078.4,,,,,543.3843374523941,1272.2450995080678
92354,3078.4333333333334,,,,,541.6996823167209,1270.9361171545984
92355,3078.4666666666667,,,,,541.4047239397632,1271.5214278715061
92356,3078.5,,,,,542.0057340222882,1272.89221088623
92357,3078.5333333333333,,,,,542.087446560052,1272.635048941559
92358,3078.5666666666666,,,,,541.7465343897536,1271.94589305629
92359,3078.6,,,,,541.3446149913772,1271.450851316374
92360,3078.633333333333,,,,,539.8856871947913,1270.7856860502143
92361,3078.6666666666665,,,,,539.4591002173919,1270.420492228356
92362,3078.7,,,,,539.6089210521399,1270.0524659094283
92363,3078.733333333333,,,,,545.431703379521,1273.8190356598186
92364,3078.7666666666664,,,,,544.9258175758547,1273.5933863268974
92365,3078.8,,,,,543.4673037077382,1272.860082655337
92366,3078.8333333333335,,,,,542.9695500327767,1272.621451735573
92367,3078.866666666667,,,,,542.9742703126512,1272.6038450703013
92368,3078.9,,,,,543.4820566056638,1272.8202433070765
92369,3078.9333333333334,,,,,542.5015827047587,1272.3524246510774
92370,3078.9666666666667,,,,,542.4531127972151,1272.4082556149206
92371,3079,,,,,543.3029957043564,1273.0513930723307
92372,3079.0333333333333,,,,,543.2925445146092,1273.0692109272275
92373,3079.0666666666666,,,,,542.9344571170872,1272.6522394196495
92374,3079.1,,,,,542.7429079789385,1272.9283811670894
92375,3079.133333333333,,,,,542.9068390577366,1272.6465805783282
92376,3079.1666666666665,,,,,541.4038019009595,1272.0951142749454
92377,3079.2,,,,,542.8029029989477,1273.2305812973689
92378,3079.233333333333,,,,,543.1971027695189,1272.423982415426
92379,3079.2666666666664,,,,,542.420465952923,1271.6678624073052
92380,3079.3,,,,,543.7309275341448,1272.5955423959747
92381,3079.3333333333335,,,,,543.7144567309367,1272.6231368732153
92382,3079.366666666667,,,,,544.1323562821917,1272.9519561557668
92383,3079.4,,,,,543.1138638883831,1272.507733002697
92384,3079.4333333333334,,,,,542.7897548060191,1272.063951603288
92385,3079.4666666666667,,,,,542.6689396637996,1272.2086490108181
92386,3079.5,,,,,543.0518712921165,1272.5873656446574
92387,3079.5333333333333,,,,,542.5726882865275,1272.3263872715236
92388,3079.5666666666666,,,,,541.9353481637695,1272.3529373346778
92389,3079.6,,,,,540.9658451313824,1271.8859244739233
92390,3079.633333333333,,,,,544.7808776726571,1273.672747892885
92391,3079.6666666666665,,,,,544.9389056496848,1274.8937350684052
92392,3079.7,,,,,550.8890682455901,1281.4832267658744
92393,3079.733333333333,,,,,551.3459419522657,1282.5065270287703
92394,3079.7666666666664,,,,,549.1819476670773,1282.9562842982355
92395,3079.8,,,,,549.7982335845876,1281.8172177248912
92396,3079.8333333333335,,,,,548.5801188397858,1282.0464514735222
92397,3079.866666666667,,,,,542.5686188955102,1282.9037227670688
92398,3079.9,,,,,541.5231368249608,1282.4990619777127
92399,3079.9333333333334,,,,,545.19309501658,1278.540846674623
92400,3079.9666666666667,,,,,548.8091018101584,1276.8098684550546
92401,3080,,,,,546.3568611081402,1275.3409712928815
92402,3080.0333333333333,,,,,544.6939015806067,1275.002246216652
92403,3080.0666666666666,,,,,544.3136371592485,1274.0978741333117
92404,3080.1,,,,,543.2762376065684,1273.7092148411543
92405,3080.133333333333,,,,,544.8570664581429,1274.0157466836831
92406,3080.1666666666665,,,,,543.4309750433995,1276.0334672244367
